头像,WB_from,WB_text,forward,comment,like,缩略图,weibo_url
,,,,,,,
,,,,,,,
"https://tvax4.sinaimg.cn/crop.0.0.512.512.1024/9e5389bbly8gdi6srn9zmj20e80e8mxj.jpg?KID=imgbed,tva&Expires=1597066580&ssig=SHHXeGdCa9","1月5日 22:32 来自 微博 weibo.com,1月5日 17:52
         来自 微博 weibo.com","#就业有位来#【Excel里的CTRL键你真的会用吗？】CTRL+Z 撤消；CTRL+A 全选；CTRL+X 剪切；CTRL+C 复制；CTRL+V 粘贴；CTRL+S 保存；CTRL+B 加粗；CTRL+N 新建；CTRL+I 字体倾斜……你还知道哪些快捷键？,#就业有位来#【实用贴！做报表动态图教程！转存！】制作基本流程，动态图清晰易懂，职场需要！转！ ​​​​",4047,277,4113,https://wx3.sinaimg.cn/thumb150/9e5389bbly1galu1qgqvmj20go0gogml.jpg,https://weibo.com/2656274875/Io7T5lkPS?from=page_1002062656274875_profile&wvr=6&mod=weibotime
"https://tvax4.sinaimg.cn/crop.0.0.512.512.1024/9e5389bbly8gdi6srn9zmj20e80e8mxj.jpg?KID=imgbed,tva&Expires=1597066580&ssig=SHHXeGdCa9,https://tvax4.sinaimg.cn/crop.0.0.512.512.180/9e5389bbly8gdi6srn9zmj20e80e8mxj.jpg?KID=imgbed,tva&Expires=1597066580&ssig=2Y4zhGmQiY",1月5日 22:00 来自 微博 weibo.com,#拉贝去世70周年#【他，保护了25万中国人】南京大屠杀期间，他奋不顾身阻止暴行，保护25万中国人免遭屠戮；回国后，他因揭露日军罪恶受到纳粹迫害，战后又因曾是纳粹党员入狱。1950年的今天，德国人约翰•拉贝在凄凉孤独中病故。2017年，拉贝的后代将《拉贝日记》原件捐赠给中国↓缅怀，铭记！ ​​​​...展开全文,1214,473,9212,,https://weibo.com/2656274875/Io7FZ1GQo?from=page_1002062656274875_profile&wvr=6&mod=weibotime
"https://tvax4.sinaimg.cn/crop.0.0.512.512.1024/9e5389bbly8gdi6srn9zmj20e80e8mxj.jpg?KID=imgbed,tva&Expires=1597066580&ssig=SHHXeGdCa9",1月5日 21:21 来自 微博云剪,【#扶贫一线用歌声表白祖国#】转起！一起表白祖国！祖国会更好！ 央视新闻的微博视频 ​​​​,1475,666,6341,,https://weibo.com/2656274875/Io7qu6gPb?from=page_1002062656274875_profile&wvr=6&mod=weibotime
"https://tvax4.sinaimg.cn/crop.0.0.512.512.1024/9e5389bbly8gdi6srn9zmj20e80e8mxj.jpg?KID=imgbed,tva&Expires=1597066580&ssig=SHHXeGdCa9",1月5日 20:39 来自 微博 weibo.com            	                                            已编辑,【最新消息！#武汉不明原因肺炎已排除SARS病原# 已发现患者59例】截至2020年1月5日8时，武汉共报告符合不明原因的病毒性肺炎诊断患者59例，其中重症患者7例，其余患者生命体征总体稳定，目前所有患者均在武汉市医疗机构接受隔离治疗，无死亡病例。在59例患者中，病例最早发病时间为2019年12月12日，最 ​​​​...展开全文,6904,7236,81751,https://wx2.sinaimg.cn/orj360/9e5389bbly1galyvqrbnpj20go0gotiq.jpg,https://weibo.com/2656274875/Io79mqVhM?from=page_1002062656274875_profile&wvr=6&mod=weibotime
"https://tvax4.sinaimg.cn/crop.0.0.512.512.1024/9e5389bbly8gdi6srn9zmj20e80e8mxj.jpg?KID=imgbed,tva&Expires=1597066580&ssig=SHHXeGdCa9",1月5日 20:19 来自 微博 weibo.com,#北京下雪#【投票！#下雪天最该做什么#】今天，多地迎来2020年第一场雪。你那里下雪了吗？下雪天，你最想做什么？快来投票留言！ 央视新闻的微博投票 ​​​​,495,991,57991,,https://weibo.com/2656274875/Io71ioGm4?from=page_1002062656274875_profile&wvr=6&mod=weibotime
"https://tvax4.sinaimg.cn/crop.0.0.512.512.1024/9e5389bbly8gdi6srn9zmj20e80e8mxj.jpg?KID=imgbed,tva&Expires=1597066580&ssig=SHHXeGdCa9",1月5日 20:09 来自 微博原生直播,【一起看《红高粱》经典再现】《红高粱》改编自作家莫言同名系列小说，在中国文艺史上留下浓墨重彩的一笔，热烈悲壮的传奇故事，至今依旧撼动人心。今晚#故事里的中国#，和董卿 @田沁鑫 @蒋欣 @邢佳栋 @宋佳伦 @冯嘉怡 一起，致敬经典↓ 央视新闻的微博直播 . ​​​​,522,254,19006,,https://weibo.com/2656274875/Io6WStRJR?from=page_1002062656274875_profile&wvr=6&mod=weibotime
"https://tvax4.sinaimg.cn/crop.0.0.512.512.1024/9e5389bbly8gdi6srn9zmj20e80e8mxj.jpg?KID=imgbed,tva&Expires=1597066580&ssig=SHHXeGdCa9",1月5日 19:20 来自 微博 weibo.com,【笑翻了#浣熊被抓包秒变jpg#】两只浣熊深夜闯入宅院，不料被主人发现。主人敲打窗户“抓包”，浣熊立刻石化：一只瞬间愣住，盯着窗内不知该进还是该退；另一只刚好处于站立状态，摊开双手一动不动↓↓网友：一二三木头人，别动！人类看不见我们！全球眼News的秒拍视频 @看看新闻KNEWS ​​​​,1373,938,6356,,https://weibo.com/2656274875/Io6D5AkU2?from=page_1002062656274875_profile&wvr=6&mod=weibotime
"https://tvax4.sinaimg.cn/crop.0.0.512.512.1024/9e5389bbly8gdi6srn9zmj20e80e8mxj.jpg?KID=imgbed,tva&Expires=1597066580&ssig=SHHXeGdCa9",1月5日 18:43 来自 微博云剪            	                                            已编辑,【#医生给去世父亲的家书看哭#】父亲去世21年，谭文斐寄出“给父亲的一封信”。信中说，见证医疗纠纷给父亲的痛苦，他曾决心不从医。但父亲弥留之际嘱托他勇挑重担，做“风险高”的麻醉医生。谭文斐已是医学博士、教授、麻醉医生。“我活成了父亲想要的样子，也是自己最满意的样子。”转！致敬！（ ​​​​...展开全文,941,339,6650,,https://weibo.com/2656274875/Io6o1AYUc?from=page_1002062656274875_profile&wvr=6&mod=weibotime
"https://tvax4.sinaimg.cn/crop.0.0.512.512.1024/9e5389bbly8gdi6srn9zmj20e80e8mxj.jpg?KID=imgbed,tva&Expires=1597066580&ssig=SHHXeGdCa9",1月5日 17:52 来自 微博 weibo.com,#就业有位来#【实用贴！做报表动态图教程！转存！】制作基本流程，动态图清晰易懂，职场需要！转！ ​​​​,7080,264,3255,https://wx3.sinaimg.cn/thumb150/9e5389bbly1galu1qgqvmj20go0gogml.jpg,https://weibo.com/2656274875/Io63uko3R?from=page_1002062656274875_profile&wvr=6&mod=weibotime
"https://tvax4.sinaimg.cn/crop.0.0.512.512.1024/9e5389bbly8gdi6srn9zmj20e80e8mxj.jpg?KID=imgbed,tva&Expires=1597066580&ssig=SHHXeGdCa9",1月5日 17:19 来自 微博云剪,【#千人录视频网络合唱一首歌# 我的祖国！转起！祝福！】新一年，长安大学近千名师生和校友通过网络虚拟合唱，共同唱响《我的祖国》！好听！分享！ 央视新闻的微博视频 ​​​​,1911,1019,14794,,https://weibo.com/2656274875/Io5Qhc50U?from=page_1002062656274875_profile&wvr=6&mod=weibotime
"https://tvax4.sinaimg.cn/crop.0.0.512.512.1024/9e5389bbly8gdi6srn9zmj20e80e8mxj.jpg?KID=imgbed,tva&Expires=1597066580&ssig=SHHXeGdCa9",1月5日 16:56 来自 微博 weibo.com,【风劲帆满 筑梦远航 央视动漫集团在京揭牌成立】今天，中央广播电视总台所属央视动漫集团精彩亮相，在京正式揭牌成立。央视动漫集团将重点发力短视频和动画电影，围绕核心IP进行全产业链布局，开发新产品，拓展新渠道，探索新业态，构建总台动漫全媒体传播新格局，推出更多阐释中国精神、中国价值、中 ​​​​...展开全文,238,229,1551,,https://weibo.com/2656274875/Io5GArmTh?from=page_1002062656274875_profile&wvr=6&mod=weibotime
"https://tvax4.sinaimg.cn/crop.0.0.512.512.1024/9e5389bbly8gdi6srn9zmj20e80e8mxj.jpg?KID=imgbed,tva&Expires=1597066580&ssig=SHHXeGdCa9",1月5日 16:41 来自 微博 weibo.com,#故事里的中国#【今晚一起看，#红高粱#经典再现！】淳朴又善良，高密东北乡的人民，有着与生俱来的顽强生命力和昂扬不屈的韧性。今晚8点档央视一套，再次走进那片广袤的高粱地，和董卿 @田沁鑫 @蒋欣 @邢佳栋 @宋佳伦 @冯嘉怡 一起，品味《红高粱》里热烈又悲壮的传奇故事故事里的中国的微博视频 ​​​​,429,372,2265,,https://weibo.com/2656274875/Io5AvFjd4?from=page_1002062656274875_profile&wvr=6&mod=weibotime
"https://tvax4.sinaimg.cn/crop.0.0.512.512.1024/9e5389bbly8gdi6srn9zmj20e80e8mxj.jpg?KID=imgbed,tva&Expires=1597066580&ssig=SHHXeGdCa9",1月5日 16:06 来自 微博 weibo.com,#央视热评#【#香港终于开始清理毒教材了#】从清理“黄师”到清理“毒教材”，香港教育终于开始拨乱反正、正本清源。香港有言论自由，教师可表达政见，也可不认同甚至批评政府施政，但言论不可涉及仇恨、挑衅、歧视，不可有违社会道德价值观。是时候了！该到香港教育界痛定思痛、革除痼疾的时候了！  ​​​​...展开全文,678,717,7117,,https://weibo.com/2656274875/Io5mCk9dQ?from=page_1002062656274875_profile&wvr=6&mod=weibotime
"https://tvax4.sinaimg.cn/crop.0.0.512.512.1024/9e5389bbly8gdi6srn9zmj20e80e8mxj.jpg?KID=imgbed,tva&Expires=1597066580&ssig=SHHXeGdCa9",1月5日 15:20 来自 微博 weibo.com            	                                            已编辑,【#杨文医师遗体告别仪式在京举行# 转发！送别！】今日8时，民航总医院副主任医师杨文同志遗体告别仪式在北京八宝山殡仪馆举行。2019年12月25日零时50分，杨文同志因公殉职，终年51岁。2003年，她曾不畏风险，始终坚守在抗击“非典”的最前线。杨文医师家属表示，相信司法机关一定会严惩凶手。 ​​​​,3181,3065,43879,https://wx1.sinaimg.cn/orj360/9e5389bbly1galpniyjitj20m80hd0t8.jpg,https://weibo.com/2656274875/Io53PuENy?from=page_1002062656274875_profile&wvr=6&mod=weibotime
"https://tvax4.sinaimg.cn/crop.0.0.512.512.1024/9e5389bbly8gdi6srn9zmj20e80e8mxj.jpg?KID=imgbed,tva&Expires=1597066580&ssig=SHHXeGdCa9",1月5日 14:53 来自 微博 weibo.com,【#期末考试感悟# 你现在想说？】 央视新闻的微博投票 ​​​​,356,814,75020,,https://weibo.com/2656274875/Io4SGn4LG?from=page_1002062656274875_profile&wvr=6&mod=weibotime
,,,,,,,
"https://tvax4.sinaimg.cn/crop.0.0.512.512.1024/9e5389bbly8gdi6srn9zmj20e80e8mxj.jpg?KID=imgbed,tva&Expires=1597066584&ssig=2%2FgeBnaTfX",1月5日 14:02 来自 微博 weibo.com            	                                            已编辑,#期末考试感悟#【期末考试来啦！转发！大家都是“过儿”！过！💯💯💯】你的期末考试考几门？你复习得怎么样？分享期末考试的感悟吧！ ​​​​,14317,4562,22286,https://wx4.sinaimg.cn/orj360/9e5389bbly1galndbt275j20u01hcteb.jpg,https://weibo.com/2656274875/Io4y1FIr9?from=page_1002062656274875_profile&wvr=6&mod=weibotime
"https://tvax4.sinaimg.cn/crop.0.0.512.512.1024/9e5389bbly8gdi6srn9zmj20e80e8mxj.jpg?KID=imgbed,tva&Expires=1597066584&ssig=2%2FgeBnaTfX",1月5日 14:02 来自 微博 weibo.com            	                                            已编辑,#期末考试感悟#【期末考试来啦！转发！大家都是“过儿”！过！💯💯💯】你的期末考试考几门？你复习得怎么样？分享期末考试的感悟吧！ ​​​​,14317,4562,22286,https://wx4.sinaimg.cn/orj360/9e5389bbly1galndbt275j20u01hcteb.jpg,https://weibo.com/2656274875/Io4y1FIr9?from=page_1002062656274875_profile&wvr=6&mod=weibotime
"https://tvax4.sinaimg.cn/crop.0.0.512.512.1024/9e5389bbly8gdi6srn9zmj20e80e8mxj.jpg?KID=imgbed,tva&Expires=1597066584&ssig=2%2FgeBnaTfX",1月5日 13:21 来自 微博原生直播            	                                            已编辑,【#入冬以来最强雨雪天气#】昨晚，2020年首轮大范围雨雪天气过程开启，雨雪将逐渐覆盖西南、西北、河南、京津冀及西藏等地，雨雪范围大、持续时间长，各地气温也将大幅下滑。直播带你看各地入冬以来最强雨雪天气。#暴雪蓝色预警# 央视新闻的微博直播 . ​​​​,705,2360,21518,,https://weibo.com/2656274875/Io4hx1ynh?from=page_1002062656274875_profile&wvr=6&mod=weibotime
"https://tvax4.sinaimg.cn/crop.0.0.512.512.1024/9e5389bbly8gdi6srn9zmj20e80e8mxj.jpg?KID=imgbed,tva&Expires=1597066584&ssig=2%2FgeBnaTfX",1月5日 12:30 来自 微博 weibo.com,#熊猫和布娃娃的区别#大家请注意，现在插播一条新闻，谁丢失了布娃娃一个，转发举手！ ​​​​,1343,1754,9676,"https://wx1.sinaimg.cn/thumb150/9e5389bbly1galkfgif4mj20sg0izag5.jpg,https://wx1.sinaimg.cn/thumb150/9e5389bbly1galkfgi8boj20sg0izwj3.jpg,https://wx1.sinaimg.cn/thumb150/9e5389bbly1galkfgioehj20sg0izjw5.jpg,https://wx1.sinaimg.cn/thumb150/9e5389bbly1galkfgqn80j20sg0izgra.jpg,https://wx1.sinaimg.cn/thumb150/9e5389bbly1galkfgip5tj20sg0izgpo.jpg,https://wx2.sinaimg.cn/thumb150/9e5389bbly1galkfgirlpj20sg0izjuf.jpg,https://wx3.sinaimg.cn/thumb150/9e5389bbly1galkfglbsnj20sg0izdil.jpg,https://wx1.sinaimg.cn/thumb150/9e5389bbly1galkfglgw6j20sg0iz79o.jpg,https://wx1.sinaimg.cn/thumb150/9e5389bbly1galkfglnq8j20sg0izn1t.jpg",https://weibo.com/2656274875/Io3WAjgax?from=page_1002062656274875_profile&wvr=6&mod=weibotime
"https://tvax4.sinaimg.cn/crop.0.0.512.512.1024/9e5389bbly8gdi6srn9zmj20e80e8mxj.jpg?KID=imgbed,tva&Expires=1597066584&ssig=2%2FgeBnaTfX",1月5日 11:58 来自 微博 weibo.com,【#江南温暖或破历史纪录# 你家是冷是热？】昨晚，2020年首轮大范围雨雪天气过程已经开启，然而，长江中下游一带近日气温却将进一步回升……上海、杭州、南昌，最高气温都有可能超过20℃，较常年同期平均水平偏高10℃以上。这种温度在1月是非常罕见的，并有可能挑战1月上旬的极值纪录！ ​​​​,556,1274,4766,https://wx1.sinaimg.cn/orj360/9e5389bbly1galjtcgr33j20j60fxq5y.jpg,https://weibo.com/2656274875/Io3JM2bdC?from=page_1002062656274875_profile&wvr=6&mod=weibotime
"https://tvax4.sinaimg.cn/crop.0.0.512.512.1024/9e5389bbly8gdi6srn9zmj20e80e8mxj.jpg?KID=imgbed,tva&Expires=1597066584&ssig=2%2FgeBnaTfX",1月5日 11:27 来自 微博云剪,【#你见过的奇葩图省事行为# 男子图省事自己钻进安检机】2日凌晨，北京西站，一位旅客过安检时，因“冬天穿太厚，携带的行李摘起来麻烦”，直接趴到安检机上，连人带包过了安检，安检员立即将机器停止。民警对该旅客进行了安全教育……你还见过哪些图省事的奇葩行为？ 央视新闻的微博视频 ​​​​,862,1552,17234,,https://weibo.com/2656274875/Io3x9xMlh?from=page_1002062656274875_profile&wvr=6&mod=weibotime
"https://tvax4.sinaimg.cn/crop.0.0.512.512.1024/9e5389bbly8gdi6srn9zmj20e80e8mxj.jpg?KID=imgbed,tva&Expires=1597066584&ssig=2%2FgeBnaTfX",1月5日 10:53 来自 微博云剪,【#能量石带一天相当于做百次胸片#】近日，大连海关发现一名年轻女孩的背包触发核辐射报警！背包中发现一枚金黄色石盘，是母亲托朋友买来保健康的…经检测，其辐射严重超标！把它带身上一天，与做近百次胸片相当！女孩儿已出现眩晕、流鼻血症状，正接受医学观察！转发提醒！想健康多锻炼！  ​​​​...展开全文,2389,1504,11400,,https://weibo.com/2656274875/Io3jyeuRE?from=page_1002062656274875_profile&wvr=6&mod=weibotime
"https://tvax4.sinaimg.cn/crop.0.0.512.512.1024/9e5389bbly8gdi6srn9zmj20e80e8mxj.jpg?KID=imgbed,tva&Expires=1597066584&ssig=2%2FgeBnaTfX",1月5日 10:18 来自 微博云剪            	                                            已编辑,【#新年同唱这首歌# 我的祖国！转起！】2020年伊始，全国13所高校师生校友、粤港澳大湾区青年等各界群众共同唱响《我的祖国》！其中，上海音乐学院用网络虚拟合唱的形式，邀请师生校友们同唱一首歌！转发！祝福我的祖国！@蔡程昱 @未来的方书剑 央视新闻的微博视频 ​​​​,9590,2634,43789,,https://weibo.com/2656274875/Io359eQZn?from=page_1002062656274875_profile&wvr=6&mod=weibotime
"https://tvax4.sinaimg.cn/crop.0.0.512.512.1024/9e5389bbly8gdi6srn9zmj20e80e8mxj.jpg?KID=imgbed,tva&Expires=1597066584&ssig=2%2FgeBnaTfX",1月5日 09:57 来自 微博 weibo.com            	                                            已编辑,【#鼠年生肖邮票#今天发行！转起！迎鼠年~】今天，《庚子年》特种邮票在国家博物馆发行，邮票1套2枚，面值各为1.20元。第一图名为“子鼠开天”，第二图为“鼠兆丰年”。邮票首次运用激光雕刻制版技术和无色荧光油墨，还加入邮票数字化内容，用户可扫描邮票，AR交互看视频~（央视记者唐颖） ​​​​,995,776,4365,"https://wx4.sinaimg.cn/thumb150/9e5389bbly1galgb47sjjj20e00e33za.jpg,https://wx3.sinaimg.cn/thumb150/9e5389bbly1galgb47nsqj20ds0e30tm.jpg",https://weibo.com/2656274875/Io2WzDE69?from=page_1002062656274875_profile&wvr=6&mod=weibotime
"https://tvax4.sinaimg.cn/crop.0.0.512.512.1024/9e5389bbly8gdi6srn9zmj20e80e8mxj.jpg?KID=imgbed,tva&Expires=1597066584&ssig=2%2FgeBnaTfX",1月5日 09:29 来自 微博云剪,#为防住户偷暖气水谎称加粪便#【白岩松：服务部门不能这样恶心人 但怎么处理偷水居民？】近日，辽宁抚顺有些居民被发现放暖气水清洁室内、烫脚。供暖公司每天损失9千元，于是称水箱加了粪便…媒体当然批评公司，最终经理承认没放。但不能因为居民是被服务对象，天天偷水，就稀里糊涂过去吧。你怎么看？ ​​​​...展开全文,323,903,6224,,https://weibo.com/2656274875/Io2LclQBf?from=page_1002062656274875_profile&wvr=6&mod=weibotime
"https://tvax4.sinaimg.cn/crop.0.0.512.512.1024/9e5389bbly8gdi6srn9zmj20e80e8mxj.jpg?KID=imgbed,tva&Expires=1597066584&ssig=2%2FgeBnaTfX",1月5日 09:06 来自 国内综艺 · 视频社区,【值得慢慢看完~#李七月#8年前采访失败 8年后重新采访！】8年前#主持人大赛# ，李七月遇到一位不善言辞的嘉宾，5分钟没有问到任何有价值的信息，这次失败的采访，让她选择成为一名记者；8年后，李七月决定在跌倒的地方爬起来，重新采访同一个人——曹正富。8年的变化↓↓↓转发分享！致敬岁月与成长！ ​​​​...展开全文,1442,720,10472,,https://weibo.com/2656274875/Io2BN1EUl?from=page_1002062656274875_profile&wvr=6&mod=weibotime
"https://tvax4.sinaimg.cn/crop.0.0.512.512.1024/9e5389bbly8gdi6srn9zmj20e80e8mxj.jpg?KID=imgbed,tva&Expires=1597066584&ssig=2%2FgeBnaTfX",1月5日 08:28 来自 微博 weibo.com,【明天小寒 准备过年！】“小寒大寒，冻成冰团”。明天5时30分将迎来“小寒”节气。①开始进入一年中最寒冷的日子；②做好防寒保暖措施，注重头部、腹部和足部保暖；③多吃些御寒食物，如红枣、萝卜、橘子、牛肉、鸡肉等；④旧岁已近暮，新岁将登场。准备回家过年啦！ ​​​​,1021,450,2287,"https://wx2.sinaimg.cn/thumb150/9e5389bbly1gakwv1hcupj20p00p0k29.jpg,https://wx4.sinaimg.cn/thumb150/9e5389bbly1gakwv1hollj20p00p0ak7.jpg,https://wx4.sinaimg.cn/thumb150/9e5389bbly1gakwv1hdfpj20p00p0n8u.jpg,https://wx4.sinaimg.cn/thumb150/9e5389bbly1gakwv1hehpj20p00p0wrt.jpg,https://wx1.sinaimg.cn/thumb150/9e5389bbly1gakwv1h5q3j20p00p012q.jpg,https://wx2.sinaimg.cn/thumb150/9e5389bbly1gakwv1hfnhj20p00p07i6.jpg,https://wx4.sinaimg.cn/thumb150/9e5389bbly1gakwv1l93uj20p00p04aw.jpg,https://wx4.sinaimg.cn/thumb150/9e5389bbly1gakwv1leipj20p00p0wrw.jpg,https://wx3.sinaimg.cn/thumb150/9e5389bbly1gakwv1ld34j20p00p013c.jpg",https://weibo.com/2656274875/Io2mwzAwh?from=page_1002062656274875_profile&wvr=6&mod=weibotime
"https://tvax4.sinaimg.cn/crop.0.0.512.512.1024/9e5389bbly8gdi6srn9zmj20e80e8mxj.jpg?KID=imgbed,tva&Expires=1597066584&ssig=2%2FgeBnaTfX",1月5日 07:54 来自 微博 weibo.com,【#武磊成首位攻破巴萨球门的中国球员# 转起祝贺！】北京时间5日04:00，在西班牙人与巴萨的加泰德比中，武磊在第73分钟替补上场，在第88分钟破门。这粒进球帮助西班牙人在主场2-2绝平巴萨，而武磊个人也成为了历史上首位攻破巴萨球门的中国球员！武磊，好样的！ ​​​​,1313,1101,10481,,https://weibo.com/2656274875/Io28Hn3mt?from=page_1002062656274875_profile&wvr=6&mod=weibotime
"https://tvax4.sinaimg.cn/crop.0.0.512.512.1024/9e5389bbly8gdi6srn9zmj20e80e8mxj.jpg?KID=imgbed,tva&Expires=1597066584&ssig=2%2FgeBnaTfX",1月5日 07:30 来自 微博 weibo.com,【急转！#使馆提醒在美中国公民注意安全#】近日，伊朗“圣城旅”指挥官遇袭死亡后，美国各城市加强安全措施，首都华盛顿处于戒备状态。中国驻美国大使馆提醒在美中国公民提高警惕，注意安全防范。如遇危险或突发情况，及时拨打911。如需领事协助，请拨打外交部24小时应急电话01186-10-12308。（央视记 ​​​​...展开全文,7738,6151,182090,https://wx1.sinaimg.cn/orj360/9e5389bbly1galc1te69kj20go0p0q7x.jpg,https://weibo.com/2656274875/Io1YNAOjZ?from=page_1002062656274875_profile&wvr=6&mod=weibotime
"https://tvax4.sinaimg.cn/crop.0.0.512.512.1024/9e5389bbly8gdi6srn9zmj20e80e8mxj.jpg?KID=imgbed,tva&Expires=1597066584&ssig=2%2FgeBnaTfX",1月5日 07:00 来自 微博 weibo.com,【新的一年，转存9条关于自律的建议！】当你知道自己想要去哪儿，并且全力以赴奔跑的时候，全世界都会为你让路。9条关于自律的建议，愿你变成更好的自己！ ​​​​,3159,397,3918,"https://wx3.sinaimg.cn/thumb150/9e5389bbly1gaktyvwk9ej20p00p0dkl.jpg,https://wx2.sinaimg.cn/thumb150/9e5389bbly1gaktyvw0b3j20p00p043a.jpg,https://wx1.sinaimg.cn/thumb150/9e5389bbly1gaktyvw4z3j20p00p0dl0.jpg,https://wx2.sinaimg.cn/thumb150/9e5389bbly1gaktyvwdayj20p00p0wj5.jpg,https://wx1.sinaimg.cn/thumb150/9e5389bbly1gaktyvx8qlj20p00p0jvu.jpg,https://wx1.sinaimg.cn/thumb150/9e5389bbly1gaktyvw49sj20p00p0n2f.jpg,https://wx2.sinaimg.cn/thumb150/9e5389bbly1gaktyvzc0dj20p00p0wjo.jpg,https://wx2.sinaimg.cn/thumb150/9e5389bbly1gaktyw1tctj20p00p0q7u.jpg,https://wx3.sinaimg.cn/thumb150/9e5389bbly1gaktyw1b3rj20p00p043k.jpg",https://weibo.com/2656274875/Io1MDt1FP?from=page_1002062656274875_profile&wvr=6&mod=weibotime
,,,,,,,
"https://tvax4.sinaimg.cn/crop.0.0.512.512.1024/9e5389bbly8gdi6srn9zmj20e80e8mxj.jpg?KID=imgbed,tva&Expires=1597066633&ssig=cYmcbapEb9",1月4日 22:48 来自 微博 weibo.com,【夜读丨有个人说要保护我，可后来的大风大浪都是他给的】 有个人说要保护我，可后来的大风大浪都是他给的 ​​​​,2725,863,6442,,https://weibo.com/2656274875/InYzc2IYY?from=page_1002062656274875_profile&wvr=6&mod=weibotime
"https://tvax4.sinaimg.cn/crop.0.0.512.512.1024/9e5389bbly8gdi6srn9zmj20e80e8mxj.jpg?KID=imgbed,tva&Expires=1597066633&ssig=cYmcbapEb9,https://tvax4.sinaimg.cn/crop.0.0.512.512.180/9e5389bbly8gdi6srn9zmj20e80e8mxj.jpg?KID=imgbed,tva&Expires=1597066633&ssig=CcWu5pO7Gt",1月4日 22:39 来自 微博云剪,#第一书记扶贫带货#【分享大山书记的VLOG】四川眉山丹棱县廖店村第一书记万志均，带领村民们用电商销售农产品，2019年销售额达800万。来看看这位大山里的“网红书记”，VLOG里说了啥↓↓想吃书记村里果子的，戳链接→ 网页链接（央视记者宋建春 施绍宇） 央视新闻的微博视频 ​​​​,493,437,7135,,https://weibo.com/2656274875/InYvDBrhS?from=page_1002062656274875_profile&wvr=6&mod=weibotime
"https://tvax4.sinaimg.cn/crop.0.0.512.512.1024/9e5389bbly8gdi6srn9zmj20e80e8mxj.jpg?KID=imgbed,tva&Expires=1597066633&ssig=cYmcbapEb9","1月4日 22:03 来自 微博抽奖平台,2019-12-26 22:47
         来自 微博 weibo.com    	                            已编辑","恭喜@好像有一点相信 等10名用户获得【vivo X30 Pro手机】。微博官方唯一抽奖工具@微博抽奖平台 对本次抽奖进行监督，结果公正有效。公示链接：微博抽奖平台,【#金环日食奇观# 今日现身天宇！戳图↓↓转发送福利！】2019年最后一场天文大戏今天上演！我国全境都能观测#日偏食#，你看到了吗？看网友持vivo X30 Pro 60倍变焦拍摄的天文盛况。关注@央视新闻 转发本条微博，抽奖送出10台vivo X30 Pro手机！一起记录精彩瞬间吧！ ​ 抽奖详情 ​​​​",113,372,1441,"https://wx2.sinaimg.cn/thumb150/9e5389bbly1gaaiczg14bj21400u0q5s.jpg,https://wx4.sinaimg.cn/thumb150/9e5389bbly1gaaiczg4igj21400u0abm.jpg,https://wx3.sinaimg.cn/thumb150/9e5389bbly1gaaiczgz0gj21400u0wgu.jpg",https://weibo.com/2656274875/InYgL56gT?from=page_1002062656274875_profile&wvr=6&mod=weibotime
"https://tvax4.sinaimg.cn/crop.0.0.512.512.1024/9e5389bbly8gdi6srn9zmj20e80e8mxj.jpg?KID=imgbed,tva&Expires=1597066633&ssig=cYmcbapEb9",1月4日 21:44 来自 微博 weibo.com,【#被兵哥哥的驾考吓到#】花式甩尾、集体漂移、酷炫侧方、S形倒车扎气球，还要通过仅一轮胎宽的双轨桥、方便面一样的波形路……近日，西藏军区某汽车运输旅迎来新年大考。看视频，感受下高原汽车兵的必训课目↓↓网友：别的不说，你瞅瞅路上的车痕，太服气了军报记者的微博视频 ​​​​,15525,11484,245180,,https://weibo.com/2656274875/InY8X4FzU?from=page_1002062656274875_profile&wvr=6&mod=weibotime
"https://tvax4.sinaimg.cn/crop.0.0.512.512.1024/9e5389bbly8gdi6srn9zmj20e80e8mxj.jpg?KID=imgbed,tva&Expires=1597066633&ssig=cYmcbapEb9","1月4日 21:08 来自 微博 weibo.com,1月4日 19:29
         来自 微博 weibo.com","#就业有位来#【合格的求职简历邮件应符合这些标准】①邮件主题注明“应聘岗位+姓名”；②邮件正文写上自己对应聘岗位的认知；③按要求附上Word或PDF格式的简历，简历应突出与求职岗位相关的素质；④简历命名为“应聘岗位+姓名”，便于HR保存、查找。,#就业有位来#【简历你真的会做吗？转存使用技巧！】找工作时，一份优秀的简历能更好地让你脱颖而出取得先机。戳图学习超实用的简历制作教程↓↓↓​​​​",1430,119,1813,"https://wx1.sinaimg.cn/thumb150/9e5389bbly1gakr8bwmkoj20go0m842a.jpg,https://wx1.sinaimg.cn/thumb150/9e5389bbly1gakr8bwkc5j20go0m8adv.jpg,https://wx3.sinaimg.cn/thumb150/9e5389bbly1gakr8bwl1ij20go0m8426.jpg,https://wx3.sinaimg.cn/thumb150/9e5389bbly1gakr8bxqg8j20go0m8ae0.jpg,https://wx2.sinaimg.cn/thumb150/9e5389bbly1gakr8bwillj20go0m8q6w.jpg,https://wx2.sinaimg.cn/thumb150/9e5389bbly1gakr8bxlvxj20go0m8gpm.jpg,https://wx3.sinaimg.cn/thumb150/9e5389bbly1gakr8bz0bwj20go0m8jve.jpg,https://wx4.sinaimg.cn/thumb150/9e5389bbly1gakr8bz7a6j20go0m8wi3.jpg,https://wx3.sinaimg.cn/thumb150/9e5389bbly1gakr8c1uanj20go0p0td7.jpg",https://weibo.com/2656274875/InXUkdl0V?from=page_1002062656274875_profile&wvr=6&mod=weibotime
"https://tvax4.sinaimg.cn/crop.0.0.512.512.1024/9e5389bbly8gdi6srn9zmj20e80e8mxj.jpg?KID=imgbed,tva&Expires=1597066633&ssig=cYmcbapEb9",1月4日 20:21 来自 微博 weibo.com,【#王毅同伊朗外长电话#】1月4日，国务委员兼外交部长王毅应约同伊朗外长扎里夫通电话。扎里夫通报了伊方对伊朗将领遭袭事件的立场。扎里夫强烈谴责美方的粗暴行径，表示美方所为势将产生严重后果。伊朗已就此向联合国秘书长致函，希望中方能为防止地区紧张局势升级发挥重要作用。王毅表示，美方的军 ​​​​...展开全文,623,761,6796,https://wx4.sinaimg.cn/orj360/9e5389bbly1gaksq5bso9j20c80c8403.jpg,https://weibo.com/2656274875/InXBmapn1?from=page_1002062656274875_profile&wvr=6&mod=weibotime
"https://tvax4.sinaimg.cn/crop.0.0.512.512.1024/9e5389bbly8gdi6srn9zmj20e80e8mxj.jpg?KID=imgbed,tva&Expires=1597066633&ssig=cYmcbapEb9",1月4日 19:34 来自 微博 weibo.com,【#警方通报女教师重伤身亡案#】@西安经开公安：1月2日21时许，西安市第六十六中学校内发生一起刑事案件，致该校女教师周某某受重伤，经送医院抢救无效死亡。接警后，我局迅速处警，经警方初步侦查，嫌疑人为该校在校学生。案发后，西安市公安局迅速抽调刑侦局、经开分局相关警力成立专案组，全面开展 ​​​​...展开全文,1239,2637,17971,https://wx4.sinaimg.cn/orj360/9e5389bbly1gakrd99zcij20go0gogvn.jpg,https://weibo.com/2656274875/InXihjo1F?from=page_1002062656274875_profile&wvr=6&mod=weibotime
"https://tvax4.sinaimg.cn/crop.0.0.512.512.1024/9e5389bbly8gdi6srn9zmj20e80e8mxj.jpg?KID=imgbed,tva&Expires=1597066633&ssig=cYmcbapEb9",1月4日 19:29 来自 微博 weibo.com,#就业有位来#【简历你真的会做吗？转存使用技巧！】找工作时，一份优秀的简历能更好地让你脱颖而出取得先机。戳图学习超实用的简历制作教程↓↓↓​​​​,3680,190,2695,"https://wx1.sinaimg.cn/thumb150/9e5389bbly1gakr8bwmkoj20go0m842a.jpg,https://wx1.sinaimg.cn/thumb150/9e5389bbly1gakr8bwkc5j20go0m8adv.jpg,https://wx3.sinaimg.cn/thumb150/9e5389bbly1gakr8bwl1ij20go0m8426.jpg,https://wx3.sinaimg.cn/thumb150/9e5389bbly1gakr8bxqg8j20go0m8ae0.jpg,https://wx2.sinaimg.cn/thumb150/9e5389bbly1gakr8bwillj20go0m8q6w.jpg,https://wx2.sinaimg.cn/thumb150/9e5389bbly1gakr8bxlvxj20go0m8gpm.jpg,https://wx3.sinaimg.cn/thumb150/9e5389bbly1gakr8bz0bwj20go0m8jve.jpg,https://wx4.sinaimg.cn/thumb150/9e5389bbly1gakr8bz7a6j20go0m8wi3.jpg,https://wx3.sinaimg.cn/thumb150/9e5389bbly1gakr8c1uanj20go0p0td7.jpg",https://weibo.com/2656274875/InXgoxKzv?from=page_1002062656274875_profile&wvr=6&mod=weibotime
"https://tvax4.sinaimg.cn/crop.0.0.512.512.1024/9e5389bbly8gdi6srn9zmj20e80e8mxj.jpg?KID=imgbed,tva&Expires=1597066633&ssig=cYmcbapEb9",1月4日 18:56 来自 微博 weibo.com,【转存！一段视频教你花式去水果皮】高能方法，好炫酷，还实用！CCTV生活圈的秒拍视频 @CCTV生活圈 ​​​​,972,311,2560,,https://weibo.com/2656274875/InX32kD0u?from=page_1002062656274875_profile&wvr=6&mod=weibotime
"https://tvax4.sinaimg.cn/crop.0.0.512.512.1024/9e5389bbly8gdi6srn9zmj20e80e8mxj.jpg?KID=imgbed,tva&Expires=1597066633&ssig=cYmcbapEb9",1月4日 18:17 来自 微博 weibo.com            	                                            已编辑,【国务院任免国家工作人员】任命朱咏雷为国家广播电视总局副局长；任命骆惠宁为中央人民政府驻香港特别行政区联络办公室主任。免去王志民的中央人民政府驻香港特别行政区联络办公室主任职务。#骆惠宁任香港中联办主任# ​​​​,626,610,5698,https://wx4.sinaimg.cn/orj360/9e5389bbly1gakp52b94xj20c80c875v.jpg,https://weibo.com/2656274875/InWN8g2wE?from=page_1002062656274875_profile&wvr=6&mod=weibotime
"https://tvax4.sinaimg.cn/crop.0.0.512.512.1024/9e5389bbly8gdi6srn9zmj20e80e8mxj.jpg?KID=imgbed,tva&Expires=1597066633&ssig=cYmcbapEb9",1月4日 17:44 来自 微博 weibo.com,【#记者展示西方镜头外的新疆#】新疆的普通人生活得如何？31岁的莫吾兰江，白天照看民宿，晚上是说唱歌手，能说一口流利英语的他，梦想是：“让普通话说唱，让维语饶舌，走向全世界。”21岁的古丽扎尔，喀什大学学生，梦想成为演员，她说想将新疆女孩的自信和多元化展现给全世界！CGTN的微博视频 ​​​​...展开全文,3913,2784,54050,,https://weibo.com/2656274875/InWzzyvtk?from=page_1002062656274875_profile&wvr=6&mod=weibotime
"https://tvax4.sinaimg.cn/crop.0.0.512.512.1024/9e5389bbly8gdi6srn9zmj20e80e8mxj.jpg?KID=imgbed,tva&Expires=1597066633&ssig=cYmcbapEb9",1月4日 17:08 来自 微博云剪,【机智小英雄！#12岁少年挨户敲门示警燃气泄漏#】去年12月30日，河南郑州的12岁少年李承泽和爸爸走到小区楼下时，闻到刺鼻气味。他立刻意识到可能是燃气泄漏，便与门卫一起挨家挨户敲门找管道破裂源头，又跑去为消防员带路，最终燃气泄漏没有造成伤亡。邻居们称他是“小英雄”，你愿为他点赞吗？  ​​​​...展开全文,367,400,10769,,https://weibo.com/2656274875/InWlcElaa?from=page_1002062656274875_profile&wvr=6&mod=weibotime
"https://tvax4.sinaimg.cn/crop.0.0.512.512.1024/9e5389bbly8gdi6srn9zmj20e80e8mxj.jpg?KID=imgbed,tva&Expires=1597066633&ssig=cYmcbapEb9",1月4日 16:52 来自 微博 weibo.com            	                                            已编辑,#第一书记扶贫带货#【他帮农民把樱桃苹果大枣，卖火了！】中国银行总行派驻咸阳市淳化县大槐树村第一书记王剑峰，被称“樱桃书记”。从说服村民接受电商，到解决水源问题，再到扩大渠道…王剑峰带领村民一起，做成了“大槐树电商”的品牌！戳链接→网页链接 看看王书记带火的农产品！（央 ​​​​...展开全文,241,216,2291,"https://wx1.sinaimg.cn/thumb150/9e5389bbly1gakmp86j20j21hc0u07ab.jpg,https://wx2.sinaimg.cn/thumb150/9e5389bbly1gakmp8m134j20u01lwkjt.jpg,https://wx4.sinaimg.cn/thumb150/9e5389bbly1gakmp882xyj20hp0oxh9f.jpg,https://wx2.sinaimg.cn/thumb150/9e5389bbly1gakmp8eh0dj21cr0u0hdu.jpg,https://wx2.sinaimg.cn/thumb150/9e5389bbly1gakmp8ergkj21cw0u07wk.jpg,https://wx1.sinaimg.cn/thumb150/9e5389bbly1gakmp8m30wj21cv0u0kjo.jpg,https://wx4.sinaimg.cn/thumb150/9e5389bbly1gakmp8krbzj21cs0u0b2e.jpg,https://wx2.sinaimg.cn/thumb150/9e5389bbly1gakmp8xtqjj21cw0u0b2c.jpg,https://wx1.sinaimg.cn/thumb150/9e5389bbly1gakmp8t002j21cu0u07wl.jpg",https://weibo.com/2656274875/InWeHB2Tw?from=page_1002062656274875_profile&wvr=6&mod=weibotime
"https://tvax4.sinaimg.cn/crop.0.0.512.512.1024/9e5389bbly8gdi6srn9zmj20e80e8mxj.jpg?KID=imgbed,tva&Expires=1597066633&ssig=cYmcbapEb9",1月4日 16:32 来自 微博云剪,#2020用歌声祝福祖国#【那达慕上唱响《我的祖国》！太美了！】转起，祝福祖国更加美丽！更加繁荣！ 央视新闻的微博视频 ​​​​,1307,515,5043,,https://weibo.com/2656274875/InW6qm01Z?from=page_1002062656274875_profile&wvr=6&mod=weibotime
"https://tvax4.sinaimg.cn/crop.0.0.512.512.1024/9e5389bbly8gdi6srn9zmj20e80e8mxj.jpg?KID=imgbed,tva&Expires=1597066633&ssig=cYmcbapEb9",1月4日 15:56 来自 微博 weibo.com            	                                            已编辑,【#重庆棒棒扛货扛出一套房# 10年父子合影刷屏网络】2010年一张父子照火遍网络。10年后“肌肉”爸爸冉师傅50岁，还干“棒棒”本行。他已在重庆买房，他说所有努力都是为孩子…儿子冉俊超已是班长，俊超说，希望努力学习，能早日养家，让爸爸早点退休。你看过他们的合影吗？#我愿意为你# 为爱转发！ ​​​​...展开全文,17021,10699,300074,,https://weibo.com/2656274875/InVRGEClo?from=page_1002062656274875_profile&wvr=6&mod=weibotime
,,,,,,,
,,,,,,,
,,,,,,,
"https://tvax4.sinaimg.cn/crop.0.0.512.512.1024/9e5389bbly8gdi6srn9zmj20e80e8mxj.jpg?KID=imgbed,tva&Expires=1597066659&ssig=KaZUGV307m",1月4日 15:20 来自 微博 weibo.com,【#三亚发文整治主播海滩骚扰游客#】进入冬季，海南三亚吸引了大量游客前去度假。但近来，三亚海滩上多了不少强行跟拍、搭讪、骚扰游客的网络主播。日前，三亚文旅部门发文，自元旦起，开启为期三个月的旅游整治工作，打击直播骚扰游客行人等行为，对情节严重者将进行相应惩处。@中国之声 ​​​​,220,547,4446,https://wx2.sinaimg.cn/orj360/9e5389bbly1gakk13zsogj20hs0ot0u5.jpg,https://weibo.com/2656274875/InVDcqxsJ?from=page_1002062656274875_profile&wvr=6&mod=weibotime
"https://tvax4.sinaimg.cn/crop.0.0.512.512.1024/9e5389bbly8gdi6srn9zmj20e80e8mxj.jpg?KID=imgbed,tva&Expires=1597066659&ssig=KaZUGV307m",1月4日 13:59 来自 微博 weibo.com            	                                            已编辑,【#2020年有个罕见对称日# 转发提醒！2020.02.02】即将到来的2020年2月2日，2020.02.02，是个罕见的对称日，2020谐音又是“爱你爱你”，这个特殊日子你有什么计划？#20200202# ​​​​,49747,42005,567588,https://wx2.sinaimg.cn/orj360/9e5389bbly1gakhnq732xj20m80m840b.jpg,https://weibo.com/2656274875/InV6dimha?from=page_1002062656274875_profile&wvr=6&mod=weibotime
"https://tvax4.sinaimg.cn/crop.0.0.512.512.1024/9e5389bbly8gdi6srn9zmj20e80e8mxj.jpg?KID=imgbed,tva&Expires=1597066659&ssig=KaZUGV307m,https://tvax4.sinaimg.cn/crop.0.0.512.512.180/9e5389bbly8gdi6srn9zmj20e80e8mxj.jpg?KID=imgbed,tva&Expires=1597066659&ssig=0X9HDM/NHT",1月4日 13:37 来自 正能量 · 视频社区,#我的祖国MV#【一起表白祖国！】“一条大河波浪宽，风吹稻花香两岸……”他们分布在我国92.6%的边境线上，他们在扑灭森林、草原火灾中屡建奇功，守护着我们的安全，他们就是中国森林消防。新年来临之际，森林消防在各地唱响《我的祖国》↓祝福祖国！ 央视新闻的微博视频 ​​​​,516,337,3510,,https://weibo.com/2656274875/InUXDobxY?from=page_1002062656274875_profile&wvr=6&mod=weibotime
"https://tvax4.sinaimg.cn/crop.0.0.512.512.1024/9e5389bbly8gdi6srn9zmj20e80e8mxj.jpg?KID=imgbed,tva&Expires=1597066659&ssig=KaZUGV307m",1月4日 12:54 来自 微博云剪,#我愿意为你#【#小伙雪中帮忙推车20多辆# 网友：雪中“暖男”！】近日，山东烟台突降大雪，行人、车辆在雪地上很难前行。除了防滑城管清雪工作人员、维持交通秩序的交警外，一位车主取来防滑沙，把路面全都撒满；一位小伙子找了一件不穿的外套充当防滑工具，挨个帮助爬不上坡的车辆上坡…看视频↓ ​​​​...展开全文,321,357,4943,,https://weibo.com/2656274875/InUGbAGMz?from=page_1002062656274875_profile&wvr=6&mod=weibotime
"https://tvax4.sinaimg.cn/crop.0.0.512.512.1024/9e5389bbly8gdi6srn9zmj20e80e8mxj.jpg?KID=imgbed,tva&Expires=1597066659&ssig=KaZUGV307m",1月4日 11:49 来自 微博 weibo.com,【转发接力！#最想提醒别人的春节回家小贴士#】我先来：回家路上，看管好自身财物，注意防范小偷！春节回家，你有啥想叮嘱大家？接力留言！ ​​​​,798,580,2666,,https://weibo.com/2656274875/InUfy8Y3r?from=page_1002062656274875_profile&wvr=6&mod=weibotime
"https://tvax4.sinaimg.cn/crop.0.0.512.512.1024/9e5389bbly8gdi6srn9zmj20e80e8mxj.jpg?KID=imgbed,tva&Expires=1597066659&ssig=KaZUGV307m",1月4日 11:16 来自 微博 weibo.com,【#陕西省委原书记赵正永被审查调查#】日前，经中共中央批准，中央纪委国家监委对全国人大原内务司法委员会副主任委员、陕西省委原书记赵正永严重违纪违法问题进行了立案审查调查。经查，赵正永严重背弃初心使命，对党不忠诚不敬畏，毫无“四个意识”，拒不落实“两个维护”的政治责任，对党中央决策 ​​​​...展开全文,581,869,4267,https://wx2.sinaimg.cn/orj360/9e5389bbly1gakczn52nwj20jq0kgq96.jpg,https://weibo.com/2656274875/InU2koTWv?from=page_1002062656274875_profile&wvr=6&mod=weibotime
"https://tvax4.sinaimg.cn/crop.0.0.512.512.1024/9e5389bbly8gdi6srn9zmj20e80e8mxj.jpg?KID=imgbed,tva&Expires=1597066659&ssig=KaZUGV307m",1月4日 11:02 来自 微博 weibo.com,#上班受过的委屈#【你在工作中受过委屈吗？】 央视新闻的微博投票 ​​​​,527,1369,91056,,https://weibo.com/2656274875/InTWodBqp?from=page_1002062656274875_profile&wvr=6&mod=weibotime
"https://tvax4.sinaimg.cn/crop.0.0.512.512.1024/9e5389bbly8gdi6srn9zmj20e80e8mxj.jpg?KID=imgbed,tva&Expires=1597066659&ssig=KaZUGV307m",1月4日 10:58 来自 微博云剪,#我的祖国MV#【上海交大师生共唱我的祖国】转起！2020，一起祝福祖国！ 央视新闻的微博视频 ​​​​,379,252,3054,,https://weibo.com/2656274875/InTUWo8qw?from=page_1002062656274875_profile&wvr=6&mod=weibotime
"https://tvax4.sinaimg.cn/crop.0.0.512.512.1024/9e5389bbly8gdi6srn9zmj20e80e8mxj.jpg?KID=imgbed,tva&Expires=1597066659&ssig=KaZUGV307m",1月4日 10:36 来自 微博 weibo.com,【心疼！#消防员救出落水者冻得发抖#】零下几度的温度，河南南阳消防员把落水者打捞上岸后冻得发抖，群众心疼得连声叫：娃儿，我的娃儿呀～愿小哥哥们每次任务平安归来！转发！致敬！中国消防的秒拍视频 @中国消防 ​​​​,782,1021,13760,,https://weibo.com/2656274875/InTLQzgSc?from=page_1002062656274875_profile&wvr=6&mod=weibotime
"https://tvax4.sinaimg.cn/crop.0.0.512.512.1024/9e5389bbly8gdi6srn9zmj20e80e8mxj.jpg?KID=imgbed,tva&Expires=1597066659&ssig=KaZUGV307m",1月4日 10:07 来自 微博 weibo.com,【#上班受过的委屈# 说说你曾受过的委屈吧~】一位高速收费站小姐姐，被不理解的司机辱骂，委屈落泪。但下一秒努力控制好情绪，转头微笑服务↓↓↓沸点视频的秒拍视频 ​​​​,4739,6848,135181,,https://weibo.com/2656274875/InTAhp69X?from=page_1002062656274875_profile&wvr=6&mod=weibotime
"https://tvax4.sinaimg.cn/crop.0.0.512.512.1024/9e5389bbly8gdi6srn9zmj20e80e8mxj.jpg?KID=imgbed,tva&Expires=1597066659&ssig=KaZUGV307m",1月4日 09:33 来自 微博 weibo.com,【#男孩心脏骤停遇过路护士抢救成功# 转发点赞！】近日，云南昆明，一名男孩在路上突然倒地，手脚僵硬，没有呼吸，心脏骤停。云南省第二人民医院的护士杨昆娥此时正好路过，立即跪地对其进行胸外心脏按压。经过近2分钟的按压后，男孩终于恢复心跳。随后，男孩被送医，经治疗已无大碍。致敬！ ​​​​...展开全文,896,1517,18219,,https://weibo.com/2656274875/InTmDbAMp?from=page_1002062656274875_profile&wvr=6&mod=weibotime
"https://tvax4.sinaimg.cn/crop.0.0.512.512.1024/9e5389bbly8gdi6srn9zmj20e80e8mxj.jpg?KID=imgbed,tva&Expires=1597066659&ssig=KaZUGV307m",1月4日 09:00 来自 微博 weibo.com,#美国华盛顿进入戒备状态#【美国各城市加强警戒！请将这个电话号码转给所有中国人！】美军无人战机对伊拉克巴格达发动空袭，目前美国各城市都加强了警戒！春节假期将至，出国在外，如遇紧急情况，请及时联系外交部全球领事保护与服务应急呼叫中心，电话：+86-10-12308。转发！ ​​​​,34244,7217,178624,https://wx2.sinaimg.cn/orj360/9e5389bbly1gak92ejok7j20sg0sg77r.jpg,https://weibo.com/2656274875/InT9dB1lC?from=page_1002062656274875_profile&wvr=6&mod=weibotime
"https://tvax4.sinaimg.cn/crop.0.0.512.512.1024/9e5389bbly8gdi6srn9zmj20e80e8mxj.jpg?KID=imgbed,tva&Expires=1597066659&ssig=KaZUGV307m",1月4日 08:29 来自 微博 weibo.com            	                                            已编辑,【美军空袭伊拉克后 #美国华盛顿进入戒备状态#】美军无人战机在3日凌晨对伊拉克巴格达国际机场发动空袭，导致包括伊朗特种部队总指挥卡西姆·苏莱曼尼在内的多人死亡后，美国各城市都加强了警戒。美国首都华盛顿已经处于戒备状态。华盛顿特区市长提醒公众，如发现任何可疑活动，立即与执法人员联系。（ ​​​​...展开全文,5048,16333,514064,https://wx1.sinaimg.cn/orj360/9e5389bbly1gak85ch92qj20go0gogvn.jpg,https://weibo.com/2656274875/InSWkAXA4?from=page_1002062656274875_profile&wvr=6&mod=weibotime
"https://tvax4.sinaimg.cn/crop.0.0.512.512.1024/9e5389bbly8gdi6srn9zmj20e80e8mxj.jpg?KID=imgbed,tva&Expires=1597066659&ssig=KaZUGV307m,https://tvax4.sinaimg.cn/crop.0.0.1024.1024.180/c0184b30ly8gdimc1av0dj20sg0sggml.jpg?KID=imgbed,tva&Expires=1597066659&ssig=7GuCCzlwxq",1月4日 07:55 来自 可爱萌宠 · 视频社区            	                                            已编辑,#发年终奖前大熊猫绩笑火了#【转发这个“绩笑”，绩效不再愁！】愿这只中文名“绩笑”，英文名“KPI”的熊猫宝宝，帮你绩效全是优，年终奖越来越多！iPanda熊猫频道的微博视频 @iPanda熊猫频道 ​​​​,4931,1120,12102,,https://weibo.com/2656274875/InSIHdAyi?from=page_1002062656274875_profile&wvr=6&mod=weibotime
"https://tvax4.sinaimg.cn/crop.0.0.512.512.1024/9e5389bbly8gdi6srn9zmj20e80e8mxj.jpg?KID=imgbed,tva&Expires=1597066659&ssig=KaZUGV307m",1月4日 07:17 来自 微博 weibo.com            	                                            已编辑,【#国航回应明星乘客信息被泄露#】近日，网传多位明星乘机记录。@中国国际航空 称：接网友反映，有国航员工个人微博内容涉及旅客信息。经核查，涉事人员系国航一名乘务人员。目前公司已对该员工做出停飞处分，后续将根据公司有关规定进一步严肃处理。 ​​​​,211,358,2924,https://wx1.sinaimg.cn/orj360/9e5389bbly1gak633v4mqj20go0gogvn.jpg,https://weibo.com/2656274875/InStmAWHM?from=page_1002062656274875_profile&wvr=6&mod=weibotime
,,,,,,,
"https://tvax4.sinaimg.cn/crop.0.0.512.512.1024/9e5389bbly8gdi6srn9zmj20e80e8mxj.jpg?KID=imgbed,tva&Expires=1597066660&ssig=pK57kP7paN",1月4日 00:28 来自 微博 weibo.com,【#杨洁篪同美国国务卿蓬佩奥通电话#】1月3日，中共中央政治局委员、中央外事工作委员会办公室主任杨洁篪应约同美国国务卿蓬佩奥通电话。美方通报了对当前中东事态的立场。杨洁篪表示，中方对当前中东事态高度关切。中方一贯主张应通过对话协商解决分歧，反对在国际关系中使用武力。希望有关各方特别 ​​​​...展开全文,466,990,7257,https://wx3.sinaimg.cn/orj360/9e5389bbly1gaju93tgtdj20go0gogp4.jpg,https://weibo.com/2656274875/InPNbohT2?from=page_1002062656274875_profile&wvr=6&mod=weibotime
"https://tvax4.sinaimg.cn/crop.0.0.512.512.1024/9e5389bbly8gdi6srn9zmj20e80e8mxj.jpg?KID=imgbed,tva&Expires=1597066660&ssig=pK57kP7paN",1月4日 00:28 来自 微博 weibo.com,【#杨洁篪同美国国务卿蓬佩奥通电话#】1月3日，中共中央政治局委员、中央外事工作委员会办公室主任杨洁篪应约同美国国务卿蓬佩奥通电话。美方通报了对当前中东事态的立场。杨洁篪表示，中方对当前中东事态高度关切。中方一贯主张应通过对话协商解决分歧，反对在国际关系中使用武力。希望有关各方特别 ​​​​...展开全文,466,990,7257,https://wx3.sinaimg.cn/orj360/9e5389bbly1gaju93tgtdj20go0gogp4.jpg,https://weibo.com/2656274875/InPNbohT2?from=page_1002062656274875_profile&wvr=6&mod=weibotime
"https://tvax4.sinaimg.cn/crop.0.0.512.512.1024/9e5389bbly8gdi6srn9zmj20e80e8mxj.jpg?KID=imgbed,tva&Expires=1597066660&ssig=pK57kP7paN",1月3日 23:34 来自 微博 weibo.com            	                                            已编辑,【好美啊#拉萨下雪#】今晚，拉萨下了今年第一场雪。高原雪景请查收↓↓#2020首场大范围雨雪#到来，你期待吗？（央视记者陈琴） ​​​​,728,788,5831,"https://wx4.sinaimg.cn/thumb150/9e5389bbly1gajso7bvd8j21400u0wkg.jpg,https://wx3.sinaimg.cn/thumb150/9e5389bbly1gajso7gfttj21400u04qr.jpg,https://wx3.sinaimg.cn/thumb150/9e5389bbly1gajso7mj8pj20u01404qr.jpg,https://wx1.sinaimg.cn/thumb150/9e5389bbly1gajso7o4hyj21400u0x6r.jpg,https://wx4.sinaimg.cn/thumb150/9e5389bbly1gajso7crkgj21400u07hn.jpg,https://wx1.sinaimg.cn/thumb150/9e5389bbly1gajso7hg3tj21400u0npd.jpg,https://wx1.sinaimg.cn/thumb150/9e5389bbly1gajso7ja6hj21400u0qv7.jpg,https://wx1.sinaimg.cn/thumb150/9e5389bbly1gajso7kppnj21400u0an8.jpg,https://wx1.sinaimg.cn/thumb150/9e5389bbly1gajso7mntpj21400u0n70.jpg",https://weibo.com/2656274875/InPr66nm0?from=page_1002062656274875_profile&wvr=6&mod=weibotime
"https://tvax4.sinaimg.cn/crop.0.0.512.512.1024/9e5389bbly8gdi6srn9zmj20e80e8mxj.jpg?KID=imgbed,tva&Expires=1597066660&ssig=pK57kP7paN",1月3日 23:00 来自 微博 weibo.com,#2020首场流星雨来了#【夜读丨日月星辰，皆为情话】象限仪座流星雨，有一种美我们永远仰望…… 日月星辰，皆为情话 ​​​​,655,456,2363,,https://weibo.com/2656274875/InPdAmLRD?from=page_1002062656274875_profile&wvr=6&mod=weibotime
"https://tvax4.sinaimg.cn/crop.0.0.512.512.1024/9e5389bbly8gdi6srn9zmj20e80e8mxj.jpg?KID=imgbed,tva&Expires=1597066660&ssig=pK57kP7paN",1月3日 22:45 来自 微博 weibo.com,【#朱婷想低调但实力不允许# 撒贝宁：我可太自卑了！】“刚进国家队时，我都傻眼了，除了扣球我什么都不会”……在《开讲啦》节目中，撒贝宁被朱婷如此“奢华的低调”震撼了：这不就等于一个篮球运动员说，“我除了扣篮，什么都不会”吗……什么叫“实力不允许低调”，全能主攻手朱婷这就带你体验 ​​​​...展开全文,1171,826,14728,,https://weibo.com/2656274875/InP7liVwN?from=page_1002062656274875_profile&wvr=6&mod=weibotime
"https://tvax4.sinaimg.cn/crop.0.0.512.512.1024/9e5389bbly8gdi6srn9zmj20e80e8mxj.jpg?KID=imgbed,tva&Expires=1597066660&ssig=pK57kP7paN",1月3日 21:40 来自 微博 weibo.com,【#2020首场大范围雨雪#即将到货！每个省份都有份】从周末开始，2020年首场大范围雨雪将拉开序幕，全国每个省份都会有雨或雪光顾！本次雨雪天气过程将持续至7日，累积降水量大，影响范围广，西北地区东部、华北南部部分地区积雪深度将达10厘米以上。你家啥时候下雪（雨）？戳图↓快转存！@中国天气 ​​​​,2015,5606,30013,"https://wx1.sinaimg.cn/thumb150/9e5389bbly1gajperl3r8j20kq0gu0uq.jpg,https://wx3.sinaimg.cn/thumb150/9e5389bbly1gajperntu9j20i20hywgm.jpg",https://weibo.com/2656274875/InOHcbRRm?from=page_1002062656274875_profile&wvr=6&mod=weibotime
"https://tvax4.sinaimg.cn/crop.0.0.512.512.1024/9e5389bbly8gdi6srn9zmj20e80e8mxj.jpg?KID=imgbed,tva&Expires=1597066660&ssig=pK57kP7paN",1月3日 21:06 来自 微博 weibo.com,【#新年首日印度20后宝宝最多#】2020年第一天，印度就拿了个世界第一。据@环球网 ，1日，在全球出生的约392078名婴儿中，67385名在印度出生，占总数的17%。这使得印度成为当天新生儿数量最多的国家。紧随其后的是中国(46299名)、尼日利亚(26039名)和巴基斯坦(16787名)。#最老的20后已出生#，你慌不慌？ ​​​​...展开全文,196,542,4754,,https://weibo.com/2656274875/InOtng30F?from=page_1002062656274875_profile&wvr=6&mod=weibotime
"https://tvax4.sinaimg.cn/crop.0.0.512.512.1024/9e5389bbly8gdi6srn9zmj20e80e8mxj.jpg?KID=imgbed,tva&Expires=1597066660&ssig=pK57kP7paN",1月3日 20:18 来自 微博云剪            	                                            已编辑,【值得纪念！#嫦娥四号着陆月背一周年#】一年前的今天，嫦娥四号探测器成功着陆月球背面，实现人类探测器首次月背软着陆、首次月背与地球的中继通信。这一年，玉兔二号巡视器在月背昼行夜伏，成为人类历史上在月面工作时间最长的月球车；还拍下了第一张近距离月背影像……看视频，回顾落月瞬间↓ ​​​​...展开全文,421,236,2662,,https://weibo.com/2656274875/InO9MtN01?from=page_1002062656274875_profile&wvr=6&mod=weibotime
"https://tvax4.sinaimg.cn/crop.0.0.512.512.1024/9e5389bbly8gdi6srn9zmj20e80e8mxj.jpg?KID=imgbed,tva&Expires=1597066660&ssig=pK57kP7paN",1月3日 19:55 来自 微博 weibo.com,【#美方敦促美国公民立即离开伊拉克#】今天，美国国务院发布安全提示，称因伊拉克和该地区的紧张局势加剧，敦促美国公民立即离开伊拉克。提示称，由于美国大使馆受到袭击，所有领事活动都已暂停，美国公民应避开美国驻巴格达大使馆区域。（央视记者王晋燕） ​​​​,205,499,3886,https://wx4.sinaimg.cn/orj360/9e5389bbly1gajmanl7huj20go0gogvn.jpg,https://weibo.com/2656274875/InO0it3gT?from=page_1002062656274875_profile&wvr=6&mod=weibotime
"https://tvax4.sinaimg.cn/crop.0.0.512.512.1024/9e5389bbly8gdi6srn9zmj20e80e8mxj.jpg?KID=imgbed,tva&Expires=1597066660&ssig=pK57kP7paN",1月3日 19:08 来自 微博 weibo.com            	                                            已编辑,【#检方对孙文斌故意杀害医生案提起公诉#】今天，北京市人民检察院第三分院经审查，依法对被告人孙文斌以故意杀人罪向北京市第三中级人民法院提起公诉。此案经北京市公安局侦查终结，于2019年12月30日向北京市人民检察院第三分院移送审查起诉。检察机关受理后，依法充分保障了被告人孙文斌的诉讼权利 ​​​​...展开全文,655,1292,12784,https://wx2.sinaimg.cn/orj360/9e5389bbly1gajl0k6527j20kz0qhgzi.jpg,https://weibo.com/2656274875/InNHtz0zH?from=page_1002062656274875_profile&wvr=6&mod=weibotime
"https://tvax4.sinaimg.cn/crop.0.0.512.512.1024/9e5389bbly8gdi6srn9zmj20e80e8mxj.jpg?KID=imgbed,tva&Expires=1597066660&ssig=pK57kP7paN",1月3日 18:52 来自 微博 weibo.com,【安排上了！央视新闻讯飞输入法主题皮肤上线】来了来了！使用讯飞输入法的你，也能用上粉丝专属主题皮肤了！在手机上切换至讯飞输入法→进入皮肤功能→搜索“央视新闻”即可√get。用起来！ ​​​​,250,638,3006,"https://wx2.sinaimg.cn/thumb150/9e5389bbly1gajkjf44yvj20u01hce2u.jpg,https://wx4.sinaimg.cn/thumb150/9e5389bbly1gajkjf2yybj20ri0nqjxp.jpg,https://wx4.sinaimg.cn/thumb150/9e5389bbly1gajkjf3bscj20ri0nq7c4.jpg",https://weibo.com/2656274875/InNARsbsn?from=page_1002062656274875_profile&wvr=6&mod=weibotime
"https://tvax4.sinaimg.cn/crop.0.0.512.512.1024/9e5389bbly8gdi6srn9zmj20e80e8mxj.jpg?KID=imgbed,tva&Expires=1597066660&ssig=pK57kP7paN",1月3日 18:22 来自 正能量 · 视频社区,【#手术成功后医生师徒隔空击掌#】次仁罗布是援藏专家黄晓忠的徒弟，第一次的手术经历让他记忆犹新：当时，一名从200公里外赶来的患者急需心脏手术，但师傅出差在外。为不耽误救治，次仁罗布只得独立上手，黄晓忠则通过微信视频实时指导。最终，手术圆满成功！凌晨4点，师徒两人隔着手机屏击掌庆祝↓（ ​​​​...展开全文,235,214,3818,,https://weibo.com/2656274875/InNoMplHu?from=page_1002062656274875_profile&wvr=6&mod=weibotime
"https://tvax4.sinaimg.cn/crop.0.0.512.512.1024/9e5389bbly8gdi6srn9zmj20e80e8mxj.jpg?KID=imgbed,tva&Expires=1597066660&ssig=pK57kP7paN",1月3日 17:46 来自 微博 weibo.com,【#证监会否认沪伦通暂停#：6月以来运行正常】今天，证监会新闻发言人常德鹏就市场传言“叫停沪伦通”一事表示，沪伦通是资本市场自主开放的重要举措，有利于拓宽双向投融资渠道，自开通以来目前运行正常，华泰证券业务正常开展。截至今天，境外11家券商完成了GDR的备案，传闻不符合事实情况。（央视记 ​​​​...展开全文,82,90,753,https://wx2.sinaimg.cn/orj360/9e5389bbly1gajimu65o2j20go0gogvn.jpg,https://weibo.com/2656274875/InNa9veF4?from=page_1002062656274875_profile&wvr=6&mod=weibotime
"https://tvax4.sinaimg.cn/crop.0.0.512.512.1024/9e5389bbly8gdi6srn9zmj20e80e8mxj.jpg?KID=imgbed,tva&Expires=1597066660&ssig=pK57kP7paN",1月3日 16:44 来自 微博 weibo.com,【又有三盏灯熄灭了#南京大屠杀在册在世幸存者仅剩77人#】今天，@侵华日军南京大屠杀遇难同胞纪念馆 在幸存者照片墙前，为不久前去世的南京大屠杀幸存者朱惟平、胡信佳、金茂芝老人举行熄灯仪式。灯，又熄了三盏……但幸存者们的证言，将如长明灯，照亮历史。转发铭记，珍爱和平！ ​​​​...展开全文,1335,995,12075,,https://weibo.com/2656274875/InMKRDaIZ?from=page_1002062656274875_profile&wvr=6&mod=weibotime
,,,,,,,
"https://tvax4.sinaimg.cn/crop.0.0.512.512.1024/9e5389bbly8gdi6srn9zmj20e80e8mxj.jpg?KID=imgbed,tva&Expires=1597066708&ssig=oVqgWXZ%2Fhe,https://tvax1.sinaimg.cn/crop.0.0.512.512.180/d3976c6ely8gdi6o2b8lrj20e80e8dgi.jpg?KID=imgbed,tva&Expires=1597066708&ssig=SsTjVaQWoo",1月3日 16:06 来自 微博 weibo.com,【#消防车被堵男子下车开路# 你会为他点赞吗】2019年12月31日，福建莆田，一辆消防车在出警途中遇到红灯堵车。一位骑电动车的热心男子挺身而出，下车帮忙疏导交通，为救援赢得了宝贵时间。转发，为小哥点赞！中国消防的秒拍视频 @中国消防 ​​​​,368,428,8669,,https://weibo.com/2656274875/InMvpkjAs?from=page_1002062656274875_profile&wvr=6&mod=weibotime
"https://tvax4.sinaimg.cn/crop.0.0.512.512.1024/9e5389bbly8gdi6srn9zmj20e80e8mxj.jpg?KID=imgbed,tva&Expires=1597066708&ssig=oVqgWXZ%2Fhe",1月3日 15:34 来自 微博 weibo.com            	                                            已编辑,#伊朗少将在伊拉克遇袭身亡#【#外交部敦促美方要保持冷静克制#】当地时间3日，伊拉克再遭美军空袭，伊朗军官在袭击中身亡。外交部发言人耿爽就此事表示：中方一贯反对在国际关系中使用武力。伊拉克的主权独立和领土完整‌‌应当得到尊重，‌‌中东海湾地区的和平与稳定‌‌应当‌‌得到维护。我们敦促 ​​​​...展开全文,420,1107,11048,,https://weibo.com/2656274875/InMio2M7F?from=page_1002062656274875_profile&wvr=6&mod=weibotime
"https://tvax4.sinaimg.cn/crop.0.0.512.512.1024/9e5389bbly8gdi6srn9zmj20e80e8mxj.jpg?KID=imgbed,tva&Expires=1597066708&ssig=oVqgWXZ%2Fhe",1月3日 15:06 来自 微博 weibo.com,【#伊朗最高领导人称将严厉报复美国#】当地时间3日凌晨，#伊朗少将在伊拉克遇袭身亡#。美国五角大楼发表声明，特朗普2日上午批准此次行动，下令在伊拉克巴格达发动袭击。声明称，这次打击行动旨在阻止伊朗计划发动的袭击。伊朗最高领导人哈梅内伊3日发表声明，强烈谴责美国暴行。他还强调，美国要对其 ​​​​...展开全文,4525,11431,249081,,https://weibo.com/2656274875/InM70sA48?from=page_1002062656274875_profile&wvr=6&mod=weibotime
"https://tvax4.sinaimg.cn/crop.0.0.512.512.1024/9e5389bbly8gdi6srn9zmj20e80e8mxj.jpg?KID=imgbed,tva&Expires=1597066708&ssig=oVqgWXZ%2Fhe",1月3日 14:25 来自 微博云剪,【#郎平说输球我负责#】训练中，女排姑娘们或多或少都会焦虑。#女排姑娘崩溃时怎么办#？队员们经常找@郎平 排解情绪，有人看到她就哭。郎平说：“输球我负责！”她认为，作为教练，最重要的是倾听，与队员诚恳交流，并给出努力方向。休假时，她做方案、做功课，“教练要心中有数。”点赞致敬！  ​​​​...展开全文,847,725,12542,,https://weibo.com/2656274875/InLQgCuFG?from=page_1002062656274875_profile&wvr=6&mod=weibotime
"https://tvax4.sinaimg.cn/crop.0.0.512.512.1024/9e5389bbly8gdi6srn9zmj20e80e8mxj.jpg?KID=imgbed,tva&Expires=1597066708&ssig=oVqgWXZ%2Fhe",1月3日 13:52 来自 微博 weibo.com,#心有所鼠#【“招财”吐宝鼠，你签收了吗？】今年，#故宫600岁#。两只吐宝鼠近日住进了故宫，一只软萌可爱，一只浑身金光。不少人都去紫禁城捕捉这两只小可爱。网友：对这个萌天团毫无抵抗力、突然想养一只鼠……@福尔摩郁 @韩辉同学 @FanShay @无肉不欢的杀糖兔 @欺负萝卜的菠萝 @懒虫团团  ​​​​...展开全文,366,416,2846,"https://wx3.sinaimg.cn/thumb150/9e5389bbly1gajbtszjuzj20j60erabs.jpg,https://wx4.sinaimg.cn/thumb150/9e5389bbly1gajbtszc5hj20c8096q3r.jpg,https://wx4.sinaimg.cn/thumb150/9e5389bbly1gajbtt20jzj20j60sr78n.jpg,https://wx3.sinaimg.cn/thumb150/9e5389bbly1gajbtsz54wj20j60csju5.jpg,https://wx1.sinaimg.cn/thumb150/9e5389bbly1gajbtszl5zj20j60eewhn.jpg,https://wx3.sinaimg.cn/thumb150/9e5389bbly1gajbtsz8zzj20c80lqgof.jpg,https://wx3.sinaimg.cn/thumb150/9e5389bbly1gajbtt99g8j20u014db2a.jpg,https://wx4.sinaimg.cn/thumb150/9e5389bbly1gajbusw6fkj20j60j6ae7.jpg,https://wx4.sinaimg.cn/thumb150/9e5389bbly1gajbtt26dzj20j60y30wl.jpg",https://weibo.com/2656274875/InLCTwLUZ?from=page_1002062656274875_profile&wvr=6&mod=weibotime
"https://tvax4.sinaimg.cn/crop.0.0.512.512.1024/9e5389bbly8gdi6srn9zmj20e80e8mxj.jpg?KID=imgbed,tva&Expires=1597066708&ssig=oVqgWXZ%2Fhe",1月3日 13:25 来自 微博 weibo.com,【#2019北京PM2.5有监测以来历史最低#】今天，北京市生态环境局发布2019年空气质量报告：2019年，北京地区PM2.5年均浓度为42微克/立方米，为有监测数据以来历史最低；PM10、二氧化氮首次达到国家标准。2019年，北京市优良天数为240天；重污染日4天，首要污染物均为PM2.5 ，全年无严重污染日。（央视记 ​​​​...展开全文,789,719,5039,"https://wx1.sinaimg.cn/thumb150/9e5389bbly1gajb30vugqj20rs0ftq5f.jpg,https://wx4.sinaimg.cn/thumb150/9e5389bbly1gajb30w8yej21400u042k.jpg,https://wx2.sinaimg.cn/thumb150/9e5389bbly1gajb30wig8j20u013zgtz.jpg,https://wx4.sinaimg.cn/thumb150/9e5389bbly1gajb30wjm7j20rs0fttam.jpg,https://wx2.sinaimg.cn/thumb150/9e5389bbly1gajb30wkwtj20rs0ikn2b.jpg,https://wx4.sinaimg.cn/thumb150/9e5389bbly1gajb30yqruj20rs0ijn0g.jpg,https://wx4.sinaimg.cn/thumb150/9e5389bbly1gajb30zklfj20sg0lcaex.jpg,https://wx2.sinaimg.cn/thumb150/9e5389bbly1gajb30zjwqj20rs0h1goh.jpg,https://wx3.sinaimg.cn/thumb150/9e5389bbly1gajb3107wxj20rs0gcjtt.jpg",https://weibo.com/2656274875/InLrYww0n?from=page_1002062656274875_profile&wvr=6&mod=weibotime
"https://tvax4.sinaimg.cn/crop.0.0.512.512.1024/9e5389bbly8gdi6srn9zmj20e80e8mxj.jpg?KID=imgbed,tva&Expires=1597066708&ssig=oVqgWXZ%2Fhe",1月3日 12:42 来自 微博 weibo.com            	                                            已编辑,【#台湾黑鹰直升机黑匣子已找到#】台防务部门最新发布消息，今天上午10点40分，失事UH-60M黑鹰直升机的黑匣子已被找到，目前移交相关单位进行分析。昨天，#台湾黑鹰直升机坠毁8死5生还#。（央视记者赵超逸） ​​​​,128,248,1767,"https://wx2.sinaimg.cn/thumb150/9e5389bbly1gaj9u4w3sxj20j60ddn2h.jpg,https://wx1.sinaimg.cn/thumb150/9e5389bbly1gaj9u4xic3j210a0qmwxk.jpg",https://weibo.com/2656274875/InLavgc1x?from=page_1002062656274875_profile&wvr=6&mod=weibotime
"https://tvax4.sinaimg.cn/crop.0.0.512.512.1024/9e5389bbly8gdi6srn9zmj20e80e8mxj.jpg?KID=imgbed,tva&Expires=1597066708&ssig=oVqgWXZ%2Fhe",1月3日 12:10 来自 微博 weibo.com,【零容忍！#女子因加塞遭拒辱骂医生被拘#】北京@西城警讯 今天发布通报：1日，周某（女，41岁）带其父到北大人民医院急诊看病时，要求提前“加塞”就诊被拒后，辱骂和言语威胁当值医生。周某的行为严重扰乱医院内就医秩序，被警方处以行政拘留5日的处罚。北京警方对各类伤医、辱医违法犯罪行为“零容忍 ​​​​...展开全文,566,819,7275,"https://wx3.sinaimg.cn/thumb150/9e5389bbly1gaj8vlcnkfj20v90mbgpk.jpg,https://wx2.sinaimg.cn/thumb150/9e5389bbly1gaj8xeqrzoj20go0go3zy.jpg",https://weibo.com/2656274875/InKXI9DXi?from=page_1002062656274875_profile&wvr=6&mod=weibotime
"https://tvax4.sinaimg.cn/crop.0.0.512.512.1024/9e5389bbly8gdi6srn9zmj20e80e8mxj.jpg?KID=imgbed,tva&Expires=1597066708&ssig=oVqgWXZ%2Fhe",1月3日 11:59 来自 微博 weibo.com,【#中国农大教授李宁贪污被判12年#】今天，吉林省松原市中级人民法院公开宣判中国工程院院士、中国农业大学教授李宁及同案被告人张磊贪污一案，对被告人李宁以贪污罪判处有期徒刑12年，并处罚金人民币300万元，对被告人张磊以贪污罪判处有期徒刑5年8个月，并处罚金人民币20万元；对贪污所得财物予以追 ​​​​...展开全文,1345,1878,8425,https://wx2.sinaimg.cn/orj360/9e5389bbly1gaj8ls0auwj208i0a3dip.jpg,https://weibo.com/2656274875/InKTaeP89?from=page_1002062656274875_profile&wvr=6&mod=weibotime
"https://tvax4.sinaimg.cn/crop.0.0.512.512.1024/9e5389bbly8gdi6srn9zmj20e80e8mxj.jpg?KID=imgbed,tva&Expires=1597066708&ssig=oVqgWXZ%2Fhe",1月3日 11:34 来自 微博 weibo.com,#伊拉克再遭美军空袭#【#伊朗少将在伊拉克遇袭身亡#】当地时间3日凌晨，据伊拉克安全部门发布的声明，巴格达国际机场附近遭到3枚导弹袭击，两部车辆被炸毁，致7人死亡。伊拉克人民动员组织领导人阿布·迈赫迪·穆罕迪斯与伊朗伊斯兰革命卫队领导人卡西姆·苏莱马尼在空袭中身亡。美国国防部五角大楼表示， ​​​​...展开全文,492,1266,9759,"https://wx4.sinaimg.cn/thumb150/9e5389bbly1gaj7uybubuj20on10nqhf.jpg,https://wx4.sinaimg.cn/thumb150/9e5389bbly1gaj7uybs90j20qg0o9151.jpg,https://wx2.sinaimg.cn/thumb150/9e5389bbly1gaj7uyb30nj20zk0qotc4.jpg,https://wx4.sinaimg.cn/thumb150/9e5389bbly1gaj7uyayquj20zk0qowj2.jpg",https://weibo.com/2656274875/InKIXANuR?from=page_1002062656274875_profile&wvr=6&mod=weibotime
"https://tvax4.sinaimg.cn/crop.0.0.512.512.1024/9e5389bbly8gdi6srn9zmj20e80e8mxj.jpg?KID=imgbed,tva&Expires=1597066708&ssig=oVqgWXZ%2Fhe",1月3日 11:04 来自 微博云剪,【#科幻电影中的2020年代#是啥样？转存，一起看！】城市中四处可见的飞行器、强大的机器人战士、人脑链接上网……几十年前的科幻电影中，人们都是如何畅想2020年代的？看视频↓你#小时候以为的2020#，和现在一样吗？ 央视新闻的微博视频 ​​​​,533,403,2094,,https://weibo.com/2656274875/InKwMCnxG?from=page_1002062656274875_profile&wvr=6&mod=weibotime
"https://tvax4.sinaimg.cn/crop.0.0.512.512.1024/9e5389bbly8gdi6srn9zmj20e80e8mxj.jpg?KID=imgbed,tva&Expires=1597066708&ssig=oVqgWXZ%2Fhe",1月3日 10:40 来自 微博 weibo.com,【#全国人大机关将开通网上信访平台#】记者从全国人大常委会办公厅获悉，全国人大机关将于近期开通网上信访平台。目前，网上信访平台开通前的各项准备工作已基本就绪。机关网上信访平台开通后，信访人通过“中国人大网”进行注册登录，即可提交信访内容。（央视记者张赛） ​​​​,1457,1390,11510,https://wx3.sinaimg.cn/orj360/9e5389bbly1gaj6bi46k2j20go0gogvn.jpg,https://weibo.com/2656274875/InKn7CN3s?from=page_1002062656274875_profile&wvr=6&mod=weibotime
"https://tvax4.sinaimg.cn/crop.0.0.512.512.1024/9e5389bbly8gdi6srn9zmj20e80e8mxj.jpg?KID=imgbed,tva&Expires=1597066708&ssig=oVqgWXZ%2Fhe",1月3日 10:05 来自 OPPO Reno3 Pro 5G,【#20后扎堆亮相# 转起！迎接全球首批20后！抽奖送5G手机！】不论你有没有准备好，#第一批20后来了#。过去人们用照片定格宝宝的“满月”“百天”，泛黄的相册成了生活的记录。今天的“视频时代”，记录更生动完整了，看视频！20后第一次亮相！一起祝福20后！转发送5台@OPPO Reno3 Pro手机！迎接2020！  ​​​​...展开全文,47670,23132,55464,,https://weibo.com/2656274875/InK93m2tq?from=page_1002062656274875_profile&wvr=6&mod=weibotime
"https://tvax4.sinaimg.cn/crop.0.0.512.512.1024/9e5389bbly8gdi6srn9zmj20e80e8mxj.jpg?KID=imgbed,tva&Expires=1597066708&ssig=oVqgWXZ%2Fhe",1月3日 09:31 来自 微博 weibo.com,【转存！收好这份#2020年考试安排#！】昨天，人社部发布了2020年全年的考试安排。教师资格、会计、翻译……2020年，你要参加哪些考试？记下这些重要考试时间↓现在有多努力，未来就有多幸运！转存！网友：#2020年请叫我过儿# ​​​​,4228,674,5169,"https://wx2.sinaimg.cn/thumb150/9e5389bbly1gaj4bqngggj20go10ljy8.jpg,https://wx3.sinaimg.cn/thumb150/9e5389bbly1gaj4bqo14fj20go1as7ec.jpg,https://wx2.sinaimg.cn/thumb150/9e5389bbly1gaj4bqnlxlj20go13ktd6.jpg,https://wx4.sinaimg.cn/thumb150/9e5389bbly1gaj4bqnf9pj20go0rjacz.jpg,https://wx3.sinaimg.cn/thumb150/9e5389bbly1gaj4bqns7qj20go165thf.jpg,https://wx1.sinaimg.cn/thumb150/9e5389bbly1gaj4bqncb0j20go0uwq6f.jpg,https://wx4.sinaimg.cn/thumb150/9e5389bbly1gaj4bqqaszj20go1c1agi.jpg,https://wx1.sinaimg.cn/thumb150/9e5389bbly1gaj4bqqgmmj20go15d0xa.jpg,https://wx4.sinaimg.cn/thumb150/9e5389bbly1gaj4bqq80sj20go0h7abi.jpg",https://weibo.com/2656274875/InJV8vfVA?from=page_1002062656274875_profile&wvr=6&mod=weibotime
"https://tvax4.sinaimg.cn/crop.0.0.512.512.1024/9e5389bbly8gdi6srn9zmj20e80e8mxj.jpg?KID=imgbed,tva&Expires=1597066708&ssig=oVqgWXZ%2Fhe",1月3日 08:57 来自 微博 weibo.com            	                                            已编辑,【又一物种消失！#长江白鲟灭绝#】国际学术期刊《整体环境科学》近日发布的研究显示，预计2005-2010年，“中国淡水鱼之王”长江白鲟已灭绝。科研人员2003年以来没有再发现过白鲟。白鱀豚、长江鲥鱼此前已被宣布功能性灭绝，中国特有的中华鲟、长江鲟目前仍被评为“极危”等级。#白鲟灭绝#（澎湃新 ​​​​...展开全文,1997,1369,8753,https://wx1.sinaimg.cn/orj360/9e5389bbly1gaj3cbhb4mj21820nm7co.jpg,https://weibo.com/2656274875/InJHrzuPF?from=page_1002062656274875_profile&wvr=6&mod=weibotime
,,,,,,,
,,,,,,,
,,,,,,,
"https://tvax4.sinaimg.cn/crop.0.0.512.512.1024/9e5389bbly8gdi6srn9zmj20e80e8mxj.jpg?KID=imgbed,tva&Expires=1597066734&ssig=XjdPt9kizr,https://tvax4.sinaimg.cn/crop.0.0.512.512.180/9e5389bbly8gdi6srn9zmj20e80e8mxj.jpg?KID=imgbed,tva&Expires=1597066734&ssig=VnsfLPAPjt",1月3日 08:14 来自 微博云剪            	                                            已编辑,【情侣#为京张高铁通车推迟四年婚期# 转发祝福】胡维和肖雅萍是京张铁路的建设者。两人的婚期也为了京张高铁的顺利通车，一再推迟，一推就是四年。2019年12月30日9点，京张高速正式通车。忙到中午，胡维没顾得上换下工装，便赶往婚礼现场…戳↓祝福，致敬！ 央视新闻的微博视频 ​​​​,742,947,13007,,https://weibo.com/2656274875/InJpSnIvc?from=page_1002062656274875_profile&wvr=6&mod=weibotime
"https://tvax4.sinaimg.cn/crop.0.0.512.512.1024/9e5389bbly8gdi6srn9zmj20e80e8mxj.jpg?KID=imgbed,tva&Expires=1597066734&ssig=XjdPt9kizr",1月3日 07:35 来自 微博 weibo.com,【#92岁奶奶福利院里跳舞送祝福#】近日，在湖北赤壁镇福利院迎新春活动中，92岁的符银秀主动为大家表演了一段舞蹈。当时，她将拐棍扔在一旁，随音乐左右扭动，赢得大家的热烈掌声。她说，自己年轻的时候很会跳舞，要通过舞蹈给大家送祝福！给可爱的奶奶点@湖北日报 湖北日报的微博视频 ​​​​,364,493,7068,,https://weibo.com/2656274875/InJ9SrYBm?from=page_1002062656274875_profile&wvr=6&mod=weibotime
"https://tvax4.sinaimg.cn/crop.0.0.512.512.1024/9e5389bbly8gdi6srn9zmj20e80e8mxj.jpg?KID=imgbed,tva&Expires=1597066734&ssig=XjdPt9kizr",1月3日 07:00 来自 微博 weibo.com,【燃！#2020海军陆战队MV#】陆战，他们能一招毙敌，犹如山中生风虎；海上，他们能潜行渗透，犹如海底搅浪龙；空中，他们能空降突击，犹如长空穿云鹰。三栖作战、攻防兼备、立体突击……他们就是军中之军、钢中之钢的中国海军陆战队！转起！致敬中国军人！央视新闻的秒拍视频 ​​​​,2542,1327,15487,,https://weibo.com/2656274875/InIVEnPGA?from=page_1002062656274875_profile&wvr=6&mod=weibotime
"https://tvax4.sinaimg.cn/crop.0.0.512.512.1024/9e5389bbly8gdi6srn9zmj20e80e8mxj.jpg?KID=imgbed,tva&Expires=1597066734&ssig=XjdPt9kizr",1月2日 22:55 来自 微博 weibo.com,【夜读丨66666】#2020年来啦#，我们祈愿岁月安好。翻看今年的日历，你会发现有5个神奇的周六：2020年4月4日、2020年6月6日、2020年8月8日、2020年10月10日、2020年12月12日。这些日子均为双数组成，正所谓好事成双。今天，@央视新闻 带你标记这5个特殊日子，提前安排一些美好，为自己加油！  ​​​​...展开全文,1065,656,3030,,https://weibo.com/2656274875/InFL8CRJX?from=page_1002062656274875_profile&wvr=6&mod=weibotime
"https://tvax4.sinaimg.cn/crop.0.0.512.512.1024/9e5389bbly8gdi6srn9zmj20e80e8mxj.jpg?KID=imgbed,tva&Expires=1597066734&ssig=XjdPt9kizr",1月2日 22:27 来自 微博 weibo.com,【暖心！#准妈妈商场临盆众人撑伞守护#】跨年夜，一名准妈妈逛商场时突感不适，即将临盆。商场工作人员和热心市民立刻上前帮忙：有人拨打120，有人拿桌布、雨伞搭起“守护空间”……10多分钟后，救护车赶到。经救治，一名男婴顺利出生，母子平安！点赞好心人@蟹视频 蟹视频的秒拍视频 ​​​​,363,566,7994,,https://weibo.com/2656274875/InFzpruOY?from=page_1002062656274875_profile&wvr=6&mod=weibotime
"https://tvax4.sinaimg.cn/crop.0.0.512.512.1024/9e5389bbly8gdi6srn9zmj20e80e8mxj.jpg?KID=imgbed,tva&Expires=1597066734&ssig=XjdPt9kizr","1月2日 21:48 来自 微博 weibo.com,1月2日 08:00
         来自 微博 weibo.com","【如何将Word文本转换成表格】你知道吗？Word其实可以将文本转换成表格！选中文本→插入→表格→文本转换成表格→设置列数、行数、文字分隔位置→确定，三下五除二就完成了！,#就业有位来#【转存！办公小能手！90个实用Word快捷键】 ​​​​",3034,204,2882,"https://wx2.sinaimg.cn/thumb150/9e5389bbly1gahg5vkbzej20m80xcdms.jpg,https://wx4.sinaimg.cn/thumb150/9e5389bbly1gahg5vkenqj20m80xcqab.jpg,https://wx3.sinaimg.cn/thumb150/9e5389bbly1gahg5vktvnj20m80xcagw.jpg,https://wx1.sinaimg.cn/thumb150/9e5389bbly1gahg5vl3gej20m80xctft.jpg,https://wx1.sinaimg.cn/thumb150/9e5389bbly1gahg5vopzsj20m80xc0zw.jpg,https://wx4.sinaimg.cn/thumb150/9e5389bbly1gahg5vkqr8j20m80xc0zz.jpg,https://wx1.sinaimg.cn/thumb150/9e5389bbly1gahg5vl2jfj20m80xctg2.jpg,https://wx3.sinaimg.cn/thumb150/9e5389bbly1gahg5vpi0yj20m80xcgsn.jpg,https://wx2.sinaimg.cn/thumb150/9e5389bbly1gahg5vo6nnj20m80xc45f.jpg",https://weibo.com/2656274875/InFjOkBNa?from=page_1002062656274875_profile&wvr=6&mod=weibotime
"https://tvax4.sinaimg.cn/crop.0.0.512.512.1024/9e5389bbly8gdi6srn9zmj20e80e8mxj.jpg?KID=imgbed,tva&Expires=1597066734&ssig=XjdPt9kizr",1月2日 21:05 来自 微博云剪,【#新年愿望是希望喜欢的人单身#】得知真相后，小编选择祝福他！你呢？ 央视新闻的微博视频 ​​​​,891,1117,16954,,https://weibo.com/2656274875/InF2caZtv?from=page_1002062656274875_profile&wvr=6&mod=weibotime
"https://tvax4.sinaimg.cn/crop.0.0.512.512.1024/9e5389bbly8gdi6srn9zmj20e80e8mxj.jpg?KID=imgbed,tva&Expires=1597066734&ssig=XjdPt9kizr",1月2日 20:34 来自 微博云剪,【#850余项商品降关税# 年货安排！】1日起，我国对850余项商品实施低于最惠国税率的进口暂定税率。食品方面，冻猪肉、冻金枪鱼、蔓越橘干等进口关税全线下降。药品方面，我国将用于改善II型糖尿病成年患者病症的口服药物恩格列净的进口关税降为零，用于治疗哮喘的生物碱类药品进口关税归零。  ​​​​...展开全文,479,304,2330,,https://weibo.com/2656274875/InEPFBG6Q?from=page_1002062656274875_profile&wvr=6&mod=weibotime
"https://tvax4.sinaimg.cn/crop.0.0.512.512.1024/9e5389bbly8gdi6srn9zmj20e80e8mxj.jpg?KID=imgbed,tva&Expires=1597066734&ssig=XjdPt9kizr",1月2日 19:57 来自 微博云剪,【#今天腊八# 你喝腊八粥了吗】“喝腊八粥”是腊八节的习俗。一碗暖暖的腊八粥，不仅是一种过节的仪式感，更是一次传递温暖的盛宴！这碗粥熨帖着我们的肠胃，温暖着我们的心灵！煮一碗“腊八”粥，给自己和家人一个节日问候，将年味传递开来~今天，你喝的腊八粥，是甜是咸？  ​​​​...展开全文,595,483,2444,,https://weibo.com/2656274875/InEAMbV9l?from=page_1002062656274875_profile&wvr=6&mod=weibotime
"https://tvax4.sinaimg.cn/crop.0.0.512.512.1024/9e5389bbly8gdi6srn9zmj20e80e8mxj.jpg?KID=imgbed,tva&Expires=1597066734&ssig=XjdPt9kizr",1月2日 19:18 来自 微博 weibo.com,【#涮羊肉等10道京菜烹饪标准出炉# 3月1日起正式实施】红烧牛尾、涮羊肉、炸烹虾肉、炒肝、干炸丸子……日前发布的京菜团体标准，从选料、加工切配、调味、火候、成品口味特点等方面，对10道地道京菜的烹饪技术进行了规范。该标准将于今年3月1日起正式实施。你最喜欢吃啥菜?  ​​​​...展开全文,371,468,2917,,https://weibo.com/2656274875/InEkGlYtw?from=page_1002062656274875_profile&wvr=6&mod=weibotime
"https://tvax4.sinaimg.cn/crop.0.0.512.512.1024/9e5389bbly8gdi6srn9zmj20e80e8mxj.jpg?KID=imgbed,tva&Expires=1597066734&ssig=XjdPt9kizr",1月2日 18:42 来自 微博 weibo.com,#央视热评#【#堵塞消防通道等于间接杀人#】新年第一天，#重庆加州花园#小区一楼房发生火灾，而消防通道却被堵塞占用。消防员不得不切割隔离桩，群众则合力将堵路车辆掀翻。消防通道是生命通道，堵塞消防通道无异于“间接杀人”！水火无情，作为公民，我们最需要做的就是：把生命通道让开！  ​​​​...展开全文,491,672,5421,,https://weibo.com/2656274875/InE6rnR4V?from=page_1002062656274875_profile&wvr=6&mod=weibotime
"https://tvax4.sinaimg.cn/crop.0.0.512.512.1024/9e5389bbly8gdi6srn9zmj20e80e8mxj.jpg?KID=imgbed,tva&Expires=1597066734&ssig=XjdPt9kizr",1月2日 18:02 来自 微博云剪,【@杜江侦察记 ：#努力是最不值得一提的事#】从《红海行动》中的爆破手，到《烈火英雄》中的特勤中队长；从《我和我的祖国》中的升旗手，到《中国机长》中的机长……2019年，杜江被网友称为“新中国70周年献礼片第一男主角”。他直言，机会不是从天而降，坚信勤能补拙。看杜江创变之路↓同意的转走！  ​​​​...展开全文,10364,6605,151675,,https://weibo.com/2656274875/InDQ9pirY?from=page_1002062656274875_profile&wvr=6&mod=weibotime
"https://tvax4.sinaimg.cn/crop.0.0.512.512.1024/9e5389bbly8gdi6srn9zmj20e80e8mxj.jpg?KID=imgbed,tva&Expires=1597066734&ssig=XjdPt9kizr",1月2日 17:25 来自 微博云剪,【#放羊娃成网红带货主播#：拼搏到感动自己】阿木古楞，汉语名叫太平，是内蒙古草原地道的“放羊娃”。为卖货，他接触到了直播。刚开始时，弹幕上的字他都认不全，需要不停翻看字典；邻居们也觉得他不务正业，“玩个手机嗷嗷喊”……但如今，太平一年销售额达到450万元，还帮助牧民们一起脱贫致富↓  ​​​​...展开全文,5335,3681,123717,,https://weibo.com/2656274875/InDB8jqKC?from=page_1002062656274875_profile&wvr=6&mod=weibotime
"https://tvax4.sinaimg.cn/crop.0.0.512.512.1024/9e5389bbly8gdi6srn9zmj20e80e8mxj.jpg?KID=imgbed,tva&Expires=1597066734&ssig=XjdPt9kizr","1月2日 16:48 来自 微博 weibo.com,1月2日 15:03
         来自 微博 weibo.com","【#李铁出任中国男足主教练# 能否率队小组突围？】世预赛40强赛，中国队目前2胜1平1负排名小组第二。根据规则，8个小组第一和4个成绩最好的小组第二才有资格晋级12强赛。“铁家军”，要加油呀！,【官宣！#李铁出任中国男足主教练# 】中国足球协会正式任命李铁为中国国家男子足球队主教练。（央视记者杨威） ​​​​",261,537,2361,https://wx2.sinaimg.cn/orj360/9e5389bbly1gai8awq2w8j20tt0ppgo7.jpg,https://weibo.com/2656274875/InDlW0zNL?from=page_1002062656274875_profile&wvr=6&mod=weibotime
"https://tvax4.sinaimg.cn/crop.0.0.512.512.1024/9e5389bbly8gdi6srn9zmj20e80e8mxj.jpg?KID=imgbed,tva&Expires=1597066734&ssig=XjdPt9kizr",1月2日 16:15 来自 微博 weibo.com,【#新年第一天上班状态# 你是啥样？】新年新开始，上班第一天，一句话形容你现在的状态！ 央视新闻的微博投票 ​​​​,223,628,31506,,https://weibo.com/2656274875/InD8tvYAP?from=page_1002062656274875_profile&wvr=6&mod=weibotime
,,,,,,,
"https://tvax4.sinaimg.cn/crop.0.0.512.512.1024/9e5389bbly8gdi6srn9zmj20e80e8mxj.jpg?KID=imgbed,tva&Expires=1597066735&ssig=YXxvDaStzx,https://tvax4.sinaimg.cn/crop.0.0.512.512.180/9e5389bbly8gdi6srn9zmj20e80e8mxj.jpg?KID=imgbed,tva&Expires=1597066735&ssig=7ikrRGiZu/",1月2日 11:55 来自 微博云剪,【花式表白祖国沈阳音乐学院#多人网络虚拟合唱我的祖国#】“一条大河波浪宽，风吹稻花香两岸”……沈阳音乐学院师生和校友，通过网络连线进行了一次虚拟合唱，共同唱响《我的祖国》。转发！一起祝福祖国！ 央视新闻的微博视频 ​​​​,498,271,3145,,https://weibo.com/2656274875/InBqZ7FNZ?from=page_1002062656274875_profile&wvr=6&mod=weibotime
"https://tvax4.sinaimg.cn/crop.0.0.512.512.1024/9e5389bbly8gdi6srn9zmj20e80e8mxj.jpg?KID=imgbed,tva&Expires=1597066735&ssig=YXxvDaStzx,https://tvax4.sinaimg.cn/crop.0.0.512.512.180/9e5389bbly8gdi6srn9zmj20e80e8mxj.jpg?KID=imgbed,tva&Expires=1597066735&ssig=7ikrRGiZu/",1月2日 11:55 来自 微博云剪,【花式表白祖国沈阳音乐学院#多人网络虚拟合唱我的祖国#】“一条大河波浪宽，风吹稻花香两岸”……沈阳音乐学院师生和校友，通过网络连线进行了一次虚拟合唱，共同唱响《我的祖国》。转发！一起祝福祖国！ 央视新闻的微博视频 ​​​​,498,271,3145,,https://weibo.com/2656274875/InBqZ7FNZ?from=page_1002062656274875_profile&wvr=6&mod=weibotime
"https://tvax4.sinaimg.cn/crop.0.0.512.512.1024/9e5389bbly8gdi6srn9zmj20e80e8mxj.jpg?KID=imgbed,tva&Expires=1597066735&ssig=YXxvDaStzx",1月2日 10:52 来自 微博 weibo.com            	                                            已编辑,【#台湾一架黑鹰直升机迫降# 持续搜救中】台湾“防务部门”今天证实，台军一架黑鹰直升机今晨失联，机上包括“参谋总长”等3名高阶军官和黑鹰机组成员共13人。飞机因不明原因9点迫降在新北市乌来山区。截至目前，10名机组人员已找到，剩余3名军官还在搜寻中。（央视记者赵超逸） ​​​​,464,1551,14663,https://wx1.sinaimg.cn/orj360/9e5389bbly1gai11gfaz8j20wo0mswjj.jpg,https://weibo.com/2656274875/InB1mwHuG?from=page_1002062656274875_profile&wvr=6&mod=weibotime
"https://tvax4.sinaimg.cn/crop.0.0.512.512.1024/9e5389bbly8gdi6srn9zmj20e80e8mxj.jpg?KID=imgbed,tva&Expires=1597066735&ssig=YXxvDaStzx",1月2日 10:42 来自 微博 weibo.com            	                                            已编辑,【#最老的20后已出生# 90后小编只想安静地退休】1日00:01，南京宝宝豆豆出生；00:07，成都宝宝糖果降生；00:20，皮皮在北京出生…2020第一天，首批“20后”先后到来。虽有人说，“20后”看“90后”仿佛“90后”看“60后”，但网友表示：“90后”依(yong)然(bu)年(ren)轻(shu)你是几零后? ​​​​,423,972,5236,"https://wx2.sinaimg.cn/thumb150/9e5389bbly1gai0qlfblpj20fc0a6mxn.jpg,https://wx4.sinaimg.cn/thumb150/9e5389bbly1gai0qlg2zvj20u00gwwg4.jpg,https://wx4.sinaimg.cn/thumb150/9e5389bbly1gai0qlfk65j20f009g47k.jpg,https://wx2.sinaimg.cn/thumb150/9e5389bbly1gai0qlfcx2j20g805dglr.jpg,https://wx4.sinaimg.cn/thumb150/9e5389bbly1gai0qlg7vvj20u005lwer.jpg,https://wx3.sinaimg.cn/thumb150/9e5389bbly1gai0qlgfc5j20u00a0dh1.jpg,https://wx2.sinaimg.cn/thumb150/9e5389bbly1gai0qlhhi2j20g405laa7.jpg,https://wx3.sinaimg.cn/thumb150/9e5389bbly1gai0qlhkv6j20u007s0ti.jpg,https://wx3.sinaimg.cn/thumb150/9e5389bbly1gai0qlhw2aj20u00cgq3d.jpg",https://weibo.com/2656274875/InAXtpqnI?from=page_1002062656274875_profile&wvr=6&mod=weibotime
"https://tvax4.sinaimg.cn/crop.0.0.512.512.1024/9e5389bbly8gdi6srn9zmj20e80e8mxj.jpg?KID=imgbed,tva&Expires=1597066735&ssig=YXxvDaStzx",1月2日 09:58 来自 微博云剪,【前方高萌！#江豚水上表演吐水转圈圈#】昨天，长江南京老下关段，数十头江豚一前一后地跳跃，时不时在水上旋转，还不停抬头吐水。网友：你们是在迎接新年吗？转走，迎新好彩头！ 央视新闻的微博视频 ​​​​,3252,1003,16438,,https://weibo.com/2656274875/InAFGkGvJ?from=page_1002062656274875_profile&wvr=6&mod=weibotime
"https://tvax4.sinaimg.cn/crop.0.0.512.512.1024/9e5389bbly8gdi6srn9zmj20e80e8mxj.jpg?KID=imgbed,tva&Expires=1597066735&ssig=YXxvDaStzx",1月2日 09:18 来自 微博原生直播,【直播！外国友人齐聚过腊八 感受传统中国节】#今天腊八#，在浙江杭州江干区四季青街道的国际化社区，外国友人和当地居民一起过节啦！喝上一碗热腾腾的腊八粥，寓意对新年红红火火的期盼。南方的腊八粥有哪些讲究？传统中国节会过出怎样的国际范儿？看直播↓(央视记者于晨 倪铮） 央视新闻的微博直播 ​​​​...展开全文,270,171,3646,,https://weibo.com/2656274875/InAp9gt2X?from=page_1002062656274875_profile&wvr=6&mod=weibotime
"https://tvax4.sinaimg.cn/crop.0.0.512.512.1024/9e5389bbly8gdi6srn9zmj20e80e8mxj.jpg?KID=imgbed,tva&Expires=1597066735&ssig=YXxvDaStzx",1月2日 09:04 来自 微博 weibo.com            	                                            已编辑,【燃！#2020陆军MV#】他们守护着祖国，守护着我们！转起！致敬中国军人！@人民陆军 人民陆军的微博视频 ​​​​,2050,996,10370,,https://weibo.com/2656274875/InAjB1nd7?from=page_1002062656274875_profile&wvr=6&mod=weibotime
"https://tvax4.sinaimg.cn/crop.0.0.512.512.1024/9e5389bbly8gdi6srn9zmj20e80e8mxj.jpg?KID=imgbed,tva&Expires=1597066735&ssig=YXxvDaStzx",1月2日 08:18 来自 微博 weibo.com            	                                            已编辑,【#重庆火灾初查系阳台起火# 引燃外墙保温层】昨天17时许，#重庆加州花园#小区一楼房发生火灾。火已被扑灭，暂无人员伤亡。初步核查，火灾从小区A4幢第2层一居民房阳台起火，火苗成立体状燃烧，引燃外墙保温层及雨棚，蔓延至第30层阳台并窜至部分居民房屋内。火灾具体原因正进一步调查中。（央视记者伍 ​​​​...展开全文,984,2791,38916,,https://weibo.com/2656274875/InA19tdRF?from=page_1002062656274875_profile&wvr=6&mod=weibotime
"https://tvax4.sinaimg.cn/crop.0.0.512.512.1024/9e5389bbly8gdi6srn9zmj20e80e8mxj.jpg?KID=imgbed,tva&Expires=1597066735&ssig=YXxvDaStzx",1月2日 07:00 来自 微博 weibo.com,"【#今天腊八# 转起！准备过年！】今天是农历腊月初八，腊八节。每逢腊八这天，家家户户都会做腊八粥、腌腊八蒜，合家团聚一起食用，馈赠亲朋好友。""过了腊八就是年""，从腊八开始，要扫房、祭灶、写春联、赶年集、买年画、备年货…直到除夕夜。今天，一起喝粥""蒜蒜""新年怎么过~ ​​​​",2141,746,4478,"https://wx3.sinaimg.cn/thumb150/9e5389bbly1gahh17o020j20dw0dwgns.jpg,https://wx3.sinaimg.cn/thumb150/9e5389bbly1gahh17nx7jj20dw0dw0u9.jpg,https://wx1.sinaimg.cn/thumb150/9e5389bbly1gahh17nyjoj20dw0dwgn2.jpg,https://wx3.sinaimg.cn/thumb150/9e5389bbly1gahh17oakmj20dw0dwdh6.jpg,https://wx4.sinaimg.cn/thumb150/9e5389bbly1gahh17o2t4j20dw0dwq4l.jpg,https://wx2.sinaimg.cn/thumb150/9e5389bbly1gahh17om4gj20dw0dwta5.jpg,https://wx4.sinaimg.cn/thumb150/9e5389bbly1gahh17q6l2j20dw0dwdha.jpg,https://wx3.sinaimg.cn/thumb150/9e5389bbly1gahh17qqqwj20dw0dwab7.jpg,https://wx4.sinaimg.cn/thumb150/9e5389bbly1gahh17qp5xj20dw0dwq4x.jpg",https://weibo.com/2656274875/Inzv9em0Z?from=page_1002062656274875_profile&wvr=6&mod=weibotime
"https://tvax4.sinaimg.cn/crop.0.0.512.512.1024/9e5389bbly8gdi6srn9zmj20e80e8mxj.jpg?KID=imgbed,tva&Expires=1597066735&ssig=YXxvDaStzx",1月1日 23:20 来自 微博 weibo.com,【夜读丨过了腊八就是年】 过了腊八就是年 ​​​​,672,432,2335,,https://weibo.com/2656274875/InwuMmC9A?from=page_1002062656274875_profile&wvr=6&mod=weibotime
"https://tvax4.sinaimg.cn/crop.0.0.512.512.1024/9e5389bbly8gdi6srn9zmj20e80e8mxj.jpg?KID=imgbed,tva&Expires=1597066735&ssig=YXxvDaStzx",1月1日 23:03 来自 微博云剪,【#铁路情侣的爱情宣言#太甜了！】2019年末，“铁路情侣”郝康和雷杰迎来了这一年第4次超过24小时的相聚。他们一起去了天安门，并相约60岁还要“手牵手逛天安门”。回首2019，两人依然聚少离多，但谁都没有放弃。郝康立下flag：一定会娶她！雷杰也表示：虽然爱的很辛苦，但有他我就幸福。祝福他们！  ​​​​...展开全文,700,639,9021,,https://weibo.com/2656274875/InwnNqOjS?from=page_1002062656274875_profile&wvr=6&mod=weibotime
"https://tvax4.sinaimg.cn/crop.0.0.512.512.1024/9e5389bbly8gdi6srn9zmj20e80e8mxj.jpg?KID=imgbed,tva&Expires=1597066735&ssig=YXxvDaStzx",1月1日 22:40 来自 微博 weibo.com,【转发分享！#霍尊王珮瑜同台演唱武家坡#】由@王珮瑜 @霍尊 带来的京剧选段《武家坡》，讲出生活点滴，扣人心弦。网友：好听！应该不只有我一人单曲循环 #2020新年快乐# @春晚 春晚的微博视频 ​​​​,2451,1210,12224,,https://weibo.com/2656274875/Inwew6fni?from=page_1002062656274875_profile&wvr=6&mod=weibotime
"https://tvax4.sinaimg.cn/crop.0.0.512.512.1024/9e5389bbly8gdi6srn9zmj20e80e8mxj.jpg?KID=imgbed,tva&Expires=1597066735&ssig=YXxvDaStzx",1月1日 22:20 来自 微博云剪,#主播说联播#【2020，新的一年，央视新闻也会爱你成双】你看今天这日子，2020年1月1日，不光时间坐标点有些特别，这里面0、1、2三个数字都是成双，也是挺整齐。新的一年，央视新闻将“爱你”成双，也期待和你一起向未来出发！ 央视新闻的微博视频 ​​​​,528,303,4400,,https://weibo.com/2656274875/Inw6ptGFJ?from=page_1002062656274875_profile&wvr=6&mod=weibotime
"https://tvax4.sinaimg.cn/crop.0.0.512.512.1024/9e5389bbly8gdi6srn9zmj20e80e8mxj.jpg?KID=imgbed,tva&Expires=1597066735&ssig=YXxvDaStzx",1月1日 22:03 来自 微博云剪,【“只争朝夕，不负韶华”，用18种外语怎么说】2020年，一起加油！转起！ 央视新闻的微博视频 ​​​​,1595,548,6163,,https://weibo.com/2656274875/InvZx72QC?from=page_1002062656274875_profile&wvr=6&mod=weibotime
"https://tvax4.sinaimg.cn/crop.0.0.512.512.1024/9e5389bbly8gdi6srn9zmj20e80e8mxj.jpg?KID=imgbed,tva&Expires=1597066735&ssig=YXxvDaStzx",1月1日 21:34 来自 微博云剪,【#杜富国熟练使用平板电脑与战友视频#】杜富国在@央视新闻 跨年直播#2019有你真好#中，与战友视频问好。为英雄转发！致敬！ 央视新闻的微博视频 ​​​​,2302,2555,74979,,https://weibo.com/2656274875/InvNov2Xq?from=page_1002062656274875_profile&wvr=6&mod=weibotime
,,,,,,,
"https://tvax4.sinaimg.cn/crop.0.0.512.512.1024/9e5389bbly8gdi6srn9zmj20e80e8mxj.jpg?KID=imgbed,tva&Expires=1597066784&ssig=djf3FpwWYs,https://tvax1.sinaimg.cn/crop.0.0.1002.1002.180/005CeWmGly8gdij9gf1jpj30ru0rugm8.jpg?KID=imgbed,tva&Expires=1597066784&ssig=dMeojvmPDz",1月1日 20:59 来自 微博 weibo.com            	                                            已编辑,【#佳木斯东郊机场工地起火#】黑龙江佳木斯市东风区应急管理局通报：今日下午16时22分，佳木斯市东郊机场进港通道项目工地杂物起火，救援人员到现场后10分钟之内扑灭明火，本次火情未造成人员伤亡和重大财产损失，进出港航班正常。沸点视频的秒拍视频 ​​​​,439,898,3900,,https://weibo.com/2656274875/InvzdDbix?from=page_1002062656274875_profile&wvr=6&mod=weibotime
"https://tvax4.sinaimg.cn/crop.0.0.512.512.1024/9e5389bbly8gdi6srn9zmj20e80e8mxj.jpg?KID=imgbed,tva&Expires=1597066784&ssig=djf3FpwWYs",1月1日 20:30 来自 微博 weibo.com,【新的一年，我们都是追梦人】2020，让我们一同向着梦想出发，努力奔跑。#2020新年快乐#！转发，为自己加油！@许魏洲ZZ @宋轶xiaoyiyi 春晚的微博视频 @春晚 ​​​​,5878,3226,15485,,https://weibo.com/2656274875/InvnyhIm5?from=page_1002062656274875_profile&wvr=6&mod=weibotime
"https://tvax4.sinaimg.cn/crop.0.0.512.512.1024/9e5389bbly8gdi6srn9zmj20e80e8mxj.jpg?KID=imgbed,tva&Expires=1597066784&ssig=djf3FpwWYs",1月1日 19:27 来自 微博 weibo.com            	                                            已编辑,#重庆加州花园#【#重庆火灾市民掀翻堵路汽车# 消防通道就是生命通道！】今日，重庆加州花园小区发生火灾，现场视频显示，火灾发生时十几层都可见明火。但是，小区周边消防通道被隔离桩、停放的轿车等占用，附近市民合力掀翻和抬走堵路车辆给消防让路。封面新闻视频的秒拍视频 @封面新闻 ​​​​,376,724,4503,,https://weibo.com/2656274875/InuY0a1Y1?from=page_1002062656274875_profile&wvr=6&mod=weibotime
"https://tvax4.sinaimg.cn/crop.0.0.512.512.1024/9e5389bbly8gdi6srn9zmj20e80e8mxj.jpg?KID=imgbed,tva&Expires=1597066784&ssig=djf3FpwWYs",1月1日 18:59 来自 微博原生直播,【直播！关注#重庆加州花园#火灾 盼平安！】今天下午，重庆加州花园小区发生火灾，消防人员已经赶赴现场灭火。直播，关注！（央视记者唐巍） 央视新闻的微博直播 . ​​​​,34004,27800,343250,,https://weibo.com/2656274875/InuMKfl0N?from=page_1002062656274875_profile&wvr=6&mod=weibotime
"https://tvax4.sinaimg.cn/crop.0.0.512.512.1024/9e5389bbly8gdi6srn9zmj20e80e8mxj.jpg?KID=imgbed,tva&Expires=1597066784&ssig=djf3FpwWYs",1月1日 18:37 来自 微博 weibo.com            	                                            已编辑,【#重庆加州花园#发生火灾 大火几乎从楼底烧到楼顶】今日17时许，重庆加州城市花园小区一楼房发生火灾，现场视频显示，起火建筑系一栋高层建筑，有十几层都可见明火。消防人员已经赶赴现场灭火。渝北区消防部门工作人员表示，目前火灾救援还在进行中。青蕉视频的微博视频 ​​​​,459,985,3225,,https://weibo.com/2656274875/InuDSlmHZ?from=page_1002062656274875_profile&wvr=6&mod=weibotime
"https://tvax4.sinaimg.cn/crop.0.0.512.512.1024/9e5389bbly8gdi6srn9zmj20e80e8mxj.jpg?KID=imgbed,tva&Expires=1597066784&ssig=djf3FpwWYs",1月1日 18:32 来自 微博 weibo.com,#2019难忘的声音#【2019，声动人心；2020，未来已来……】岁月不居，时光如流，但总有一些声音被刻入年轮，总有一些声音让瞬间永恒。哪些声音和2019已紧紧联系在一起？戳↓一起回望2019，积蓄希望与力量，开启2020！中国之声的微博视频 @中国之声 ​​​​,3803,1988,10763,,https://weibo.com/2656274875/InuBzy6pW?from=page_1002062656274875_profile&wvr=6&mod=weibotime
"https://tvax4.sinaimg.cn/crop.0.0.512.512.1024/9e5389bbly8gdi6srn9zmj20e80e8mxj.jpg?KID=imgbed,tva&Expires=1597066784&ssig=djf3FpwWYs",1月1日 17:45 来自 微博 weibo.com,【油烟机油垢如何去除 转存！春节前大扫除视频教程！】油烟机使用时间久了上面有很多的油垢，很难清洁。视频教你用废油清洁满是油垢的滤网！快去试试吧！CCTV生活圈的微博视频 ​​​​,1361,212,2219,,https://weibo.com/2656274875/InuiyAw5p?from=page_1002062656274875_profile&wvr=6&mod=weibotime
"https://tvax4.sinaimg.cn/crop.0.0.512.512.1024/9e5389bbly8gdi6srn9zmj20e80e8mxj.jpg?KID=imgbed,tva&Expires=1597066784&ssig=djf3FpwWYs",1月1日 17:14 来自 微博云剪,【粤港澳大湾区青年唱响#我的祖国MV#】转！祝福祖国！ 央视新闻的微博视频 ​​​​,729,267,3709,,https://weibo.com/2656274875/Inu5VerMn?from=page_1002062656274875_profile&wvr=6&mod=weibotime
"https://tvax4.sinaimg.cn/crop.0.0.512.512.1024/9e5389bbly8gdi6srn9zmj20e80e8mxj.jpg?KID=imgbed,tva&Expires=1597066784&ssig=djf3FpwWYs",1月1日 16:43 来自 微博云剪,【超燃！#2019国产电影热血混剪#】2019年，这些高分国产电影你都看过吗？哪一部是你的最爱？超燃电影混剪↓↓转给努力的自己，加油！未来可期！（@央视新闻 @哔哩哔哩弹幕网 @何止电影 ） 央视新闻的微博视频 ​​​​,10703,1734,41485,,https://weibo.com/2656274875/IntThyavF?from=page_1002062656274875_profile&wvr=6&mod=weibotime
"https://tvax4.sinaimg.cn/crop.0.0.512.512.1024/9e5389bbly8gdi6srn9zmj20e80e8mxj.jpg?KID=imgbed,tva&Expires=1597066784&ssig=djf3FpwWYs",1月1日 16:11 来自 微博云剪,【#我的祖国MV#】2020年第一天！这首歌献给祖国！祝福祖国！中国！转起！ 央视新闻的微博视频 ​​​​,1246,370,4637,,https://weibo.com/2656274875/IntGyBYA4?from=page_1002062656274875_profile&wvr=6&mod=weibotime
"https://tvax4.sinaimg.cn/crop.0.0.512.512.1024/9e5389bbly8gdi6srn9zmj20e80e8mxj.jpg?KID=imgbed,tva&Expires=1597066784&ssig=djf3FpwWYs",1月1日 15:23 来自 综合体育 · 视频社区,【#中国女排发布年终视频#】2019年，她们流汗，流泪，流血，她们不怕，不躲，不服！只因她们是——中国女排！“升国旗，奏国歌！”转！致敬@中国女排 ！中国女排的微博视频 ​​​​,6089,1751,30950,,https://weibo.com/2656274875/IntmU1i0M?from=page_1002062656274875_profile&wvr=6&mod=weibotime
"https://tvax4.sinaimg.cn/crop.0.0.512.512.1024/9e5389bbly8gdi6srn9zmj20e80e8mxj.jpg?KID=imgbed,tva&Expires=1597066784&ssig=djf3FpwWYs",1月1日 14:27 来自 微博 weibo.com            	                                            已编辑,【#马航一架航班从北京起飞后返航# 原因不明】今日，马来西亚航空MH319航班，从北京大兴机场起飞，在空中盘旋数圈后返航，具体原因尚不明确。沸点视频的秒拍视频 ​​​​查看图片,422,612,4495,,https://weibo.com/2656274875/Int0e6sSQ?from=page_1002062656274875_profile&wvr=6&mod=weibotime
"https://tvax4.sinaimg.cn/crop.0.0.512.512.1024/9e5389bbly8gdi6srn9zmj20e80e8mxj.jpg?KID=imgbed,tva&Expires=1597066784&ssig=djf3FpwWYs",1月1日 13:55 来自 微博 weibo.com,【#告台湾同胞书41周年# 转发重温！】41年前的今天，全国人大常委会发表《告台湾同胞书》，明确提出了一系列发展两岸关系、促进和平统一进程的政策措施。坚持一个中国原则、打破两岸隔绝状态、实现两岸直接“三通”、推动两岸协商谈判…今天，回顾历史，虽然局势已经发生巨大改变，但两岸同属一个中国 ​​​​...展开全文,2656,962,20010,,https://weibo.com/2656274875/InsNjxiA3?from=page_1002062656274875_profile&wvr=6&mod=weibotime
"https://tvax4.sinaimg.cn/crop.0.0.512.512.1024/9e5389bbly8gdi6srn9zmj20e80e8mxj.jpg?KID=imgbed,tva&Expires=1597066784&ssig=djf3FpwWYs",1月1日 13:16 来自 微博 weibo.com,【2020新年音乐会来啦！节目单新鲜出炉！】群星闪耀，众咖云集！中央广播电视总台《2020新年音乐会——扬帆远航大湾区》，今天16:35综合频道，19:30综艺频道，21:00音乐频道播出！你最期待谁的演出？你最期待哪个节目？转起迎接2020！ ​​​​,533,830,15209,https://wx3.sinaimg.cn/orj360/9e5389bbly1gagzkxuhuhj20rsbhdb2b.jpg,https://weibo.com/2656274875/InsxBjaXc?from=page_1002062656274875_profile&wvr=6&mod=weibotime
"https://tvax4.sinaimg.cn/crop.0.0.512.512.1024/9e5389bbly8gdi6srn9zmj20e80e8mxj.jpg?KID=imgbed,tva&Expires=1597066784&ssig=djf3FpwWYs",1月1日 12:31 来自 微博 weibo.com,【#2020年首场流星雨# 周末上演！转起提醒！】新年伊始，#象限仪流星雨#将按时上演！象限仪流星雨是每年年初都会发生的一个较大流星雨，对于我国公众来说，较好的观测时段是1月3日晚至4日凌晨，每小时天空可能划过120颗左右流星！你的新年愿望是什么？ ​​​​,9922,13113,69807,"https://wx2.sinaimg.cn/thumb150/9e5389bbly1gagy9akjz4j20b30gnab8.jpg,https://wx3.sinaimg.cn/thumb150/9e5389bbly1gagy9ak44sj20j60chq4i.jpg,https://wx3.sinaimg.cn/thumb150/9e5389bbly1gagy9ak7o8j20ci0ia401.jpg,https://wx1.sinaimg.cn/thumb150/9e5389bbly1gagy9ak02lj20dw099gm9.jpg,https://wx1.sinaimg.cn/thumb150/9e5389bbly1gagy9akwisj20b408iabc.jpg,https://wx4.sinaimg.cn/thumb150/9e5389bbly1gagy9ak7ndj20ci0ar74z.jpg,https://wx1.sinaimg.cn/thumb150/9e5389bbly1gagy9aly84j20c807sdgf.jpg,https://wx3.sinaimg.cn/thumb150/9e5389bbly1gagy9am1apj20fz0cvwfw.jpg,https://wx2.sinaimg.cn/thumb150/9e5389bbly1gagy9anp1hj20j60hmq7w.jpg",https://weibo.com/2656274875/Insf534Fh?from=page_1002062656274875_profile&wvr=6&mod=weibotime
,,,,,,,
,,,,,,,
,,,,,,,
"https://tvax4.sinaimg.cn/crop.0.0.512.512.1024/9e5389bbly8gdi6srn9zmj20e80e8mxj.jpg?KID=imgbed,tva&Expires=1597066810&ssig=VzsnObDgJn,https://tvax4.sinaimg.cn/crop.0.0.512.512.180/9e5389bbly8gdi6srn9zmj20e80e8mxj.jpg?KID=imgbed,tva&Expires=1597066810&ssig=QnQfsQ0lPs",1月1日 16:43 来自 微博云剪,【超燃！#2019国产电影热血混剪#】2019年，这些高分国产电影你都看过吗？哪一部是你的最爱？超燃电影混剪↓↓转给努力的自己，加油！未来可期！（@央视新闻 @哔哩哔哩弹幕网 @何止电影 ） 央视新闻的微博视频 ​​​​,10703,1734,41485,,https://weibo.com/2656274875/IntThyavF?from=page_1002062656274875_profile&wvr=6&mod=weibotime
"https://tvax4.sinaimg.cn/crop.0.0.512.512.1024/9e5389bbly8gdi6srn9zmj20e80e8mxj.jpg?KID=imgbed,tva&Expires=1597066810&ssig=VzsnObDgJn",1月1日 16:11 来自 微博云剪,【#我的祖国MV#】2020年第一天！这首歌献给祖国！祝福祖国！中国！转起！ 央视新闻的微博视频 ​​​​,1246,370,4637,,https://weibo.com/2656274875/IntGyBYA4?from=page_1002062656274875_profile&wvr=6&mod=weibotime
"https://tvax4.sinaimg.cn/crop.0.0.512.512.1024/9e5389bbly8gdi6srn9zmj20e80e8mxj.jpg?KID=imgbed,tva&Expires=1597066810&ssig=VzsnObDgJn",1月1日 15:23 来自 综合体育 · 视频社区,【#中国女排发布年终视频#】2019年，她们流汗，流泪，流血，她们不怕，不躲，不服！只因她们是——中国女排！“升国旗，奏国歌！”转！致敬@中国女排 ！中国女排的微博视频 ​​​​,6089,1751,30950,,https://weibo.com/2656274875/IntmU1i0M?from=page_1002062656274875_profile&wvr=6&mod=weibotime
"https://tvax4.sinaimg.cn/crop.0.0.512.512.1024/9e5389bbly8gdi6srn9zmj20e80e8mxj.jpg?KID=imgbed,tva&Expires=1597066810&ssig=VzsnObDgJn","1月1日 14:54 来自 微博 weibo.com,1月1日 14:27
         来自 微博 weibo.com    	                            已编辑","#马航一架航班从北京起飞后返航#【马航：因飞机系统问题返航】北青报记者从马来西亚航空公司获悉，MH319航班返航是因为飞机系统问题，返航后已安全降落，乘客机组人员和乘客均安全。结果，工作人员正在检查，维修系统问题，乘客还在飞机上等待，系统问题维修完成后可直接重新起飞。,【#马航一架航班从北京起飞后返航# 原因不明】今日，马来西亚航空MH319航班，从北京大兴机场起飞，在空中盘旋数圈后返航，具体原因尚不明确。沸点视频的秒拍视频 ​​​​查看图片",127,190,1191,,https://weibo.com/2656274875/Intb2w6K1?from=page_1002062656274875_profile&wvr=6&mod=weibotime
"https://tvax4.sinaimg.cn/crop.0.0.512.512.1024/9e5389bbly8gdi6srn9zmj20e80e8mxj.jpg?KID=imgbed,tva&Expires=1597066810&ssig=VzsnObDgJn",1月1日 14:27 来自 微博 weibo.com            	                                            已编辑,【#马航一架航班从北京起飞后返航# 原因不明】今日，马来西亚航空MH319航班，从北京大兴机场起飞，在空中盘旋数圈后返航，具体原因尚不明确。沸点视频的秒拍视频 ​​​​查看图片,422,612,4495,,https://weibo.com/2656274875/Int0e6sSQ?from=page_1002062656274875_profile&wvr=6&mod=weibotime
"https://tvax4.sinaimg.cn/crop.0.0.512.512.1024/9e5389bbly8gdi6srn9zmj20e80e8mxj.jpg?KID=imgbed,tva&Expires=1597066810&ssig=VzsnObDgJn",1月1日 13:55 来自 微博 weibo.com,【#告台湾同胞书41周年# 转发重温！】41年前的今天，全国人大常委会发表《告台湾同胞书》，明确提出了一系列发展两岸关系、促进和平统一进程的政策措施。坚持一个中国原则、打破两岸隔绝状态、实现两岸直接“三通”、推动两岸协商谈判…今天，回顾历史，虽然局势已经发生巨大改变，但两岸同属一个中国 ​​​​...展开全文,2656,962,20010,,https://weibo.com/2656274875/InsNjxiA3?from=page_1002062656274875_profile&wvr=6&mod=weibotime
"https://tvax4.sinaimg.cn/crop.0.0.512.512.1024/9e5389bbly8gdi6srn9zmj20e80e8mxj.jpg?KID=imgbed,tva&Expires=1597066810&ssig=VzsnObDgJn",1月1日 13:16 来自 微博 weibo.com,【2020新年音乐会来啦！节目单新鲜出炉！】群星闪耀，众咖云集！中央广播电视总台《2020新年音乐会——扬帆远航大湾区》，今天16:35综合频道，19:30综艺频道，21:00音乐频道播出！你最期待谁的演出？你最期待哪个节目？转起迎接2020！ ​​​​,533,830,15209,https://wx3.sinaimg.cn/orj360/9e5389bbly1gagzkxuhuhj20rsbhdb2b.jpg,https://weibo.com/2656274875/InsxBjaXc?from=page_1002062656274875_profile&wvr=6&mod=weibotime
"https://tvax4.sinaimg.cn/crop.0.0.512.512.1024/9e5389bbly8gdi6srn9zmj20e80e8mxj.jpg?KID=imgbed,tva&Expires=1597066810&ssig=VzsnObDgJn",1月1日 12:31 来自 微博 weibo.com,【#2020年首场流星雨# 周末上演！转起提醒！】新年伊始，#象限仪流星雨#将按时上演！象限仪流星雨是每年年初都会发生的一个较大流星雨，对于我国公众来说，较好的观测时段是1月3日晚至4日凌晨，每小时天空可能划过120颗左右流星！你的新年愿望是什么？ ​​​​,9922,13113,69807,"https://wx2.sinaimg.cn/thumb150/9e5389bbly1gagy9akjz4j20b30gnab8.jpg,https://wx3.sinaimg.cn/thumb150/9e5389bbly1gagy9ak44sj20j60chq4i.jpg,https://wx3.sinaimg.cn/thumb150/9e5389bbly1gagy9ak7o8j20ci0ia401.jpg,https://wx1.sinaimg.cn/thumb150/9e5389bbly1gagy9ak02lj20dw099gm9.jpg,https://wx1.sinaimg.cn/thumb150/9e5389bbly1gagy9akwisj20b408iabc.jpg,https://wx4.sinaimg.cn/thumb150/9e5389bbly1gagy9ak7ndj20ci0ar74z.jpg,https://wx1.sinaimg.cn/thumb150/9e5389bbly1gagy9aly84j20c807sdgf.jpg,https://wx3.sinaimg.cn/thumb150/9e5389bbly1gagy9am1apj20fz0cvwfw.jpg,https://wx2.sinaimg.cn/thumb150/9e5389bbly1gagy9anp1hj20j60hmq7w.jpg",https://weibo.com/2656274875/Insf534Fh?from=page_1002062656274875_profile&wvr=6&mod=weibotime
"https://tvax4.sinaimg.cn/crop.0.0.512.512.1024/9e5389bbly8gdi6srn9zmj20e80e8mxj.jpg?KID=imgbed,tva&Expires=1597066810&ssig=VzsnObDgJn",1月1日 11:50 来自 微博 weibo.com,【与病毒性肺炎有关联 #华南海鲜批发市场休市整治卫生#】今日，武汉相关部门发出公告：“经研究，决定对华南海鲜批发市场实行休市，进行环境卫生整治。请广大商户积极配合，开市时间另行通知。”近期，武汉已发现27例病毒性肺炎病例，目前尚未发现明显人传人现象。（央视记者王涵 倪晶依） ​​​​,907,1982,22417,https://wx3.sinaimg.cn/orj360/9e5389bbly1gagx3v5ovmj20go0gogvn.jpg,https://weibo.com/2656274875/InrYyk6tn?from=page_1002062656274875_profile&wvr=6&mod=weibotime
"https://tvax4.sinaimg.cn/crop.0.0.512.512.1024/9e5389bbly8gdi6srn9zmj20e80e8mxj.jpg?KID=imgbed,tva&Expires=1597066810&ssig=VzsnObDgJn",1月1日 11:24 来自 微博 weibo.com,【@李宇春 超强现场 好听，好看，转发分享！】《蜀绣》《下个，路口，见》连唱~#2020新年快乐#，和@李宇春 一样向前奔跑，努力发光！@春晚 春晚的微博视频 ​​​​,4547,1442,13805,,https://weibo.com/2656274875/InrNNkzci?from=page_1002062656274875_profile&wvr=6&mod=weibotime
"https://tvax4.sinaimg.cn/crop.0.0.512.512.1024/9e5389bbly8gdi6srn9zmj20e80e8mxj.jpg?KID=imgbed,tva&Expires=1597066810&ssig=VzsnObDgJn",1月1日 10:46 来自 微博 weibo.com,#2020年flag#【转发，立个新的flag】2020年来了！2020年，你最大的愿望是什么？此刻，转发微博，立下#2020年flag#，万一实现了呢？ ​​​​,2163,867,3774,"https://wx4.sinaimg.cn/thumb150/9e5389bbly1gagv9cv3qfj20go0gotae.jpg,https://wx1.sinaimg.cn/thumb150/9e5389bbly1gagv9cvc4dj20go0gojtb.jpg,https://wx2.sinaimg.cn/thumb150/9e5389bbly1gagv9cvnh2j20go0gomyp.jpg,https://wx1.sinaimg.cn/thumb150/9e5389bbly1gagv9cv3v8j20go0gotac.jpg,https://wx4.sinaimg.cn/thumb150/9e5389bbly1gagv9cvaihj20go0gomzn.jpg,https://wx1.sinaimg.cn/thumb150/9e5389bbly1gagv9cwzlij20go0go75t.jpg,https://wx2.sinaimg.cn/thumb150/9e5389bbly1gagv9cx0e2j20go0gotai.jpg,https://wx2.sinaimg.cn/thumb150/9e5389bbly1gagv9cxbsmj20go0go0ue.jpg,https://wx2.sinaimg.cn/thumb150/9e5389bbly1gagv9cxrozj20go0gojt3.jpg",https://weibo.com/2656274875/InryIrK4p?from=page_1002062656274875_profile&wvr=6&mod=weibotime
"https://tvax4.sinaimg.cn/crop.0.0.512.512.1024/9e5389bbly8gdi6srn9zmj20e80e8mxj.jpg?KID=imgbed,tva&Expires=1597066810&ssig=VzsnObDgJn",1月1日 10:25 来自 微博云剪,【转起！#一起说你好2020#】“你好2020”，用手语怎么说？快来看↓网友：我们都学会了，@朱广权 ，你已经是个成熟的段子手了，该自己学手语了！#2020冲鸭#！ 央视新闻的微博视频 ​​​​,1363,508,10419,,https://weibo.com/2656274875/Inrq3dbej?from=page_1002062656274875_profile&wvr=6&mod=weibotime
"https://tvax4.sinaimg.cn/crop.0.0.512.512.1024/9e5389bbly8gdi6srn9zmj20e80e8mxj.jpg?KID=imgbed,tva&Expires=1597066810&ssig=VzsnObDgJn,https://tvax4.sinaimg.cn/crop.0.0.1080.1080.180/d1046db2ly8gdi7p7td0fj20u00u0n1h.jpg?KID=imgbed,tva&Expires=1597066810&ssig=nuifvI+DNh",1月1日 09:51 来自 微博 weibo.com,#2020新年快乐#【启航！出发！】2020，重新启航！转起祝福祖国！@SNH48-周诗雨 @SNH48-张雨鑫 @SNH48-冯薪朵 @SNH48-金莹玥 @SNH48-陆婷 @SNH48-卢天惠 @SNH48-易嘉爱 @SNH48-赵粤 @SNH48-张怡 春晚的微博视频 ​​​​,2033,481,15400,,https://weibo.com/2656274875/InrcojkYw?from=page_1002062656274875_profile&wvr=6&mod=weibotime
"https://tvax4.sinaimg.cn/crop.0.0.512.512.1024/9e5389bbly8gdi6srn9zmj20e80e8mxj.jpg?KID=imgbed,tva&Expires=1597066810&ssig=VzsnObDgJn",1月1日 09:30 来自 微博 weibo.com,【#央视新闻2020新年献词#：立天地 筑健强 再出发】前路之上，于领先者，必有百尺竿头、更进一步的机遇；于落后者，必有弯道超车、后来居上的机遇；于所有人，必有从无到有、开创新局的机遇。你是机遇的过客还是机遇的主人，看你自己！ 2020新年献词：立天地 筑健强 再出发 ​​​​,980,168,2308,,https://weibo.com/2656274875/Inr3SgJId?from=page_1002062656274875_profile&wvr=6&mod=weibotime
"https://tvax4.sinaimg.cn/crop.0.0.512.512.1024/9e5389bbly8gdi6srn9zmj20e80e8mxj.jpg?KID=imgbed,tva&Expires=1597066810&ssig=VzsnObDgJn",1月1日 08:55 来自 可爱萌宠 · 视频社区,【快看！#糯米在自己滚糖霜#】糯米团子它长大了，应该学会自己滚糖霜了刚出锅的“糯米糍”，想要的转起！iPanda熊猫频道的微博视频 @iPanda熊猫频道 ​​​​,2903,1364,13808,,https://weibo.com/2656274875/InqPrhk0r?from=page_1002062656274875_profile&wvr=6&mod=weibotime
,,,,,,,
